requestIp,requestDate,browserName
5.134.142.106,1397/11/17,Chrome
151.241.33.74,1397/11/17,Chrome
151.241.33.74,1397/11/17,Chrome
94.101.187.162,1397/11/17,Chrome
46.51.35.167,1397/11/17,Chrome
46.51.35.167,1397/11/17,Chrome
46.51.35.167,1397/11/17,Chrome
46.51.35.167,1397/11/17,Chrome
46.51.35.167,1397/11/17,Chrome
46.51.35.167,1397/11/17,Chrome
46.51.35.167,1397/11/17,Chrome
46.51.35.167,1397/11/17,Chrome
46.51.35.167,1397/11/17,Chrome
46.51.35.167,1397/11/17,Chrome
46.51.35.167,1397/11/17,Chrome
86.106.195.122,1397/11/17,Unknown
5.127.45.26,1397/11/17,Chrome
5.127.45.26,1397/11/17,Chrome
5.127.45.26,1397/11/17,Chrome
5.127.45.26,1397/11/17,Chrome
5.127.45.26,1397/11/17,Chrome
5.127.45.26,1397/11/17,Chrome
5.127.45.26,1397/11/17,Chrome
5.127.45.26,1397/11/17,Chrome
151.235.217.191,1397/11/17,Firefox
5.126.148.4,1397/11/17,Chrome
37.129.149.135,1397/11/17,Chrome
37.129.149.135,1397/11/17,Chrome
37.129.149.135,1397/11/17,Chrome
37.129.149.135,1397/11/17,Chrome
92.114.25.3,1397/11/17,Chrome
92.114.25.3,1397/11/17,Chrome
37.129.95.219,1397/11/17,Mozilla
37.129.95.219,1397/11/17,Mozilla
37.129.95.219,1397/11/17,Mozilla
37.129.95.219,1397/11/17,Mozilla
2.176.155.134,1397/11/17,Firefox
86.55.64.155,1397/11/17,Safari
5.116.69.23,1397/11/17,Safari
5.209.208.14,1397/11/17,Safari
5.209.208.14,1397/11/17,Safari
5.209.208.14,1397/11/17,Safari
5.209.208.14,1397/11/17,Safari
5.209.208.14,1397/11/17,Safari
83.121.225.149,1397/11/16,Chrome
5.117.113.247,1397/11/16,Chrome
2.190.188.40,1397/11/16,Safari
2.190.188.40,1397/11/16,Safari
217.182.198.205,1397/11/16,Chrome
2.186.104.124,1397/11/16,Chrome
2.186.104.124,1397/11/16,Chrome
2.186.104.124,1397/11/16,Chrome
2.186.104.124,1397/11/16,Chrome
2.181.124.236,1397/11/16,Chrome
2.186.104.124,1397/11/16,Chrome
2.186.104.124,1397/11/16,Chrome
2.186.104.124,1397/11/16,Chrome
37.148.83.191,1397/11/16,Chrome
2.177.205.145,1397/11/16,Chrome
2.177.205.145,1397/11/16,Chrome
37.148.83.191,1397/11/16,Chrome
37.148.83.191,1397/11/16,Chrome
37.148.83.191,1397/11/16,Chrome
37.148.83.191,1397/11/16,Chrome
37.148.83.191,1397/11/16,Chrome
2.181.149.137,1397/11/16,Firefox
2.181.149.137,1397/11/16,Firefox
37.148.83.191,1397/11/16,Chrome
37.148.83.191,1397/11/16,Chrome
174.138.52.176,1397/11/16,Safari
5.126.252.239,1397/11/16,Chrome
83.120.171.35,1397/11/16,Chrome
2.184.201.211,1397/11/16,Chrome
5.113.170.220,1397/11/16,Chrome
86.55.127.153,1397/11/16,Chrome
5.115.108.121,1397/11/16,Chrome
2.181.123.2,1397/11/16,Safari
151.239.80.214,1397/11/16,Chrome
5.119.221.173,1397/11/16,Chrome
89.198.219.134,1397/11/16,Chrome
89.198.219.134,1397/11/16,Chrome
89.198.219.134,1397/11/16,Chrome
89.198.219.134,1397/11/16,Chrome
172.104.18.184,1397/11/16,Safari
5.74.23.16,1397/11/16,Firefox
2.181.123.2,1397/11/16,Safari
5.74.23.16,1397/11/16,Firefox
2.177.86.215,1397/11/16,Chrome
2.177.86.215,1397/11/16,Chrome
2.177.86.215,1397/11/16,Chrome
5.123.132.203,1397/11/16,Chrome
5.117.117.166,1397/11/16,Chrome
5.116.216.163,1397/11/16,Chrome
5.122.175.165,1397/11/16,Firefox
178.131.165.229,1397/11/16,Safari
5.238.253.193,1397/11/16,Chrome
5.238.253.193,1397/11/16,Chrome
5.238.253.193,1397/11/16,Chrome
151.235.206.92,1397/11/16,Firefox
2.188.2.213,1397/11/16,Firefox
151.239.103.134,1397/11/16,Chrome
37.137.96.141,1397/11/16,Chrome
2.183.53.225,1397/11/16,Chrome
5.62.203.6,1397/11/16,Chrome
37.254.40.216,1397/11/16,Chrome
37.254.40.216,1397/11/16,Chrome
2.180.49.207,1397/11/16,Chrome
79.127.85.26,1397/11/16,Chrome
2.180.58.245,1397/11/16,Chrome
5.78.215.11,1397/11/15,Chrome
188.210.136.240,1397/11/15,Chrome
188.210.136.240,1397/11/15,Chrome
5.78.69.132,1397/11/15,Chrome
151.234.88.124,1397/11/15,Chrome
151.242.179.160,1397/11/15,Chrome
151.242.179.160,1397/11/15,Chrome
151.242.179.160,1397/11/15,Chrome
151.241.52.29,1397/11/15,Chrome
151.241.52.29,1397/11/15,Chrome
46.224.36.218,1397/11/15,Chrome
5.74.23.16,1397/11/15,Firefox
151.242.63.123,1397/11/15,Chrome
151.242.63.123,1397/11/15,Chrome
31.7.113.185,1397/11/15,Chrome
157.97.123.84,1397/11/15,Chrome
5.113.6.161,1397/11/15,Chrome
5.113.6.161,1397/11/15,Chrome
5.74.23.216,1397/11/15,Chrome
212.120.210.178,1397/11/15,Chrome
2.180.58.245,1397/11/15,Chrome
5.121.228.246,1397/11/15,Chrome
2.177.214.48,1397/11/15,Chrome
89.199.144.79,1397/11/15,Chrome
37.98.4.172,1397/11/15,Chrome
37.98.4.172,1397/11/15,Chrome
151.238.236.177,1397/11/15,Chrome
5.126.148.4,1397/11/15,Chrome
37.129.180.225,1397/11/15,Chrome
37.129.180.225,1397/11/15,Chrome
37.129.180.225,1397/11/15,Chrome
37.129.180.225,1397/11/15,Chrome
37.129.180.225,1397/11/15,Chrome
151.240.249.77,1397/11/15,Chrome
151.240.249.77,1397/11/15,Chrome
5.113.8.175,1397/11/15,Chrome
5.113.8.175,1397/11/15,Chrome
93.119.93.163,1397/11/15,Chrome
93.119.93.163,1397/11/15,Chrome
93.119.93.163,1397/11/15,Chrome
93.119.93.163,1397/11/15,Chrome
93.119.93.163,1397/11/15,Chrome
93.119.93.163,1397/11/15,Chrome
5.114.134.243,1397/11/15,Chrome
5.114.134.243,1397/11/15,Chrome
2.181.123.2,1397/11/15,Chrome
188.34.58.118,1397/11/15,Chrome
188.34.58.118,1397/11/15,Chrome
188.34.58.118,1397/11/15,Chrome
188.34.58.118,1397/11/15,Chrome
5.238.253.193,1397/11/15,Firefox
51.254.72.97,1397/11/15,Chrome
5.113.17.167,1397/11/15,Chrome
93.119.70.194,1397/11/15,Chrome
5.238.253.193,1397/11/15,Chrome
46.62.160.195,1397/11/15,Chrome
2.176.134.129,1397/11/15,Unknown
64.52.102.71,1397/11/15,Unknown
2.176.134.129,1397/11/15,Unknown
69.194.80.217,1397/11/15,Chrome
69.194.80.217,1397/11/15,Chrome
2.181.123.2,1397/11/15,Chrome
2.181.123.2,1397/11/15,Chrome
2.181.123.2,1397/11/15,Chrome
5.213.63.193,1397/11/15,Chrome
5.213.63.193,1397/11/15,Chrome
5.213.63.193,1397/11/15,Chrome
5.213.63.193,1397/11/15,Chrome
5.213.63.193,1397/11/15,Chrome
5.213.63.193,1397/11/15,Chrome
5.213.63.193,1397/11/15,Chrome
5.213.63.193,1397/11/15,Chrome
5.213.63.193,1397/11/15,Chrome
5.213.63.193,1397/11/15,Chrome
5.213.63.193,1397/11/15,Chrome
5.213.63.193,1397/11/15,Chrome
5.213.63.193,1397/11/15,Chrome
5.213.63.193,1397/11/15,Chrome
5.213.63.193,1397/11/15,Chrome
2.185.67.249,1397/11/15,Chrome
5.214.104.29,1397/11/15,Chrome
46.51.109.98,1397/11/15,Chrome
46.51.109.98,1397/11/15,Chrome
46.51.109.98,1397/11/15,Chrome
46.51.109.98,1397/11/15,Chrome
46.51.109.98,1397/11/15,Chrome
46.51.109.98,1397/11/15,Chrome
46.51.109.98,1397/11/15,Chrome
46.51.109.98,1397/11/15,Chrome
46.51.109.98,1397/11/15,Chrome
2.181.244.29,1397/11/15,Firefox
2.181.244.29,1397/11/15,Firefox
83.123.247.201,1397/11/15,Chrome
83.123.247.201,1397/11/15,Chrome
83.123.247.201,1397/11/15,Chrome
83.123.247.201,1397/11/15,Chrome
83.123.247.201,1397/11/15,Chrome
2.181.244.29,1397/11/15,Firefox
2.181.244.29,1397/11/15,Firefox
2.181.244.29,1397/11/15,Firefox
2.181.244.29,1397/11/15,Firefox
5.78.254.39,1397/11/15,Chrome
5.78.254.39,1397/11/15,Chrome
84.16.227.126,1397/11/15,Chrome
84.16.227.126,1397/11/15,Chrome
::1,1397/11/15,Chrome
::1,1397/11/15,Chrome
::1,1397/11/15,Chrome
212.16.74.245,1397/11/15,Firefox
5.126.148.4,1397/11/15,Chrome
5.119.209.15,1397/11/15,Chrome
207.46.13.43,1397/11/15,Mozilla
5.52.30.73,1397/11/15,Chrome
5.239.164.231,1397/11/15,Chrome
5.78.233.54,1397/11/14,Safari
91.251.210.49,1397/11/14,Chrome
91.251.210.49,1397/11/14,Chrome
91.251.210.49,1397/11/14,Chrome
91.251.210.49,1397/11/14,Chrome
5.123.221.20,1397/11/14,Chrome
5.113.0.171,1397/11/14,Chrome
37.148.90.232,1397/11/14,Chrome
37.148.90.232,1397/11/14,Chrome
151.241.5.194,1397/11/14,Chrome
5.124.91.163,1397/11/14,Chrome
5.115.247.4,1397/11/14,Chrome
5.115.247.4,1397/11/14,Chrome
37.129.132.90,1397/11/14,Chrome
5.124.223.170,1397/11/14,Mozilla
188.245.189.207,1397/11/14,Chrome
188.245.189.207,1397/11/14,Chrome
5.115.168.208,1397/11/14,Chrome
188.245.189.207,1397/11/14,Chrome
95.162.87.248,1397/11/14,Chrome
5.124.223.170,1397/11/14,Safari
86.55.177.240,1397/11/14,Chrome
86.55.177.240,1397/11/14,Chrome
86.55.177.240,1397/11/14,Chrome
86.55.177.240,1397/11/14,Chrome
86.55.177.240,1397/11/14,Chrome
86.55.177.240,1397/11/14,Chrome
86.55.177.240,1397/11/14,Chrome
80.210.226.251,1397/11/14,Chrome
86.55.177.240,1397/11/14,Chrome
86.55.177.240,1397/11/14,Chrome
86.55.177.240,1397/11/14,Chrome
95.38.178.175,1397/11/14,Chrome
5.52.254.76,1397/11/14,Chrome
5.217.160.64,1397/11/14,Firefox
37.129.226.140,1397/11/14,Safari
80.240.129.105,1397/11/14,Chrome
5.210.87.60,1397/11/14,Chrome
5.210.87.60,1397/11/14,Chrome
95.82.36.139,1397/11/14,Chrome
95.82.36.139,1397/11/14,Chrome
5.213.180.137,1397/11/14,Firefox
5.213.180.137,1397/11/14,Firefox
5.213.180.137,1397/11/14,Firefox
5.213.180.137,1397/11/14,Firefox
5.213.180.137,1397/11/14,Firefox
2.180.213.167,1397/11/14,Chrome
188.245.189.207,1397/11/14,Chrome
188.214.174.136,1397/11/14,Chrome
188.245.189.207,1397/11/14,Chrome
164.215.224.156,1397/11/14,Chrome
188.245.189.207,1397/11/14,Chrome
5.114.90.145,1397/11/14,Chrome
5.114.90.145,1397/11/14,Chrome
5.114.90.145,1397/11/14,Chrome
5.114.90.145,1397/11/14,Chrome
5.114.90.145,1397/11/14,Chrome
5.127.229.97,1397/11/14,Chrome
5.127.229.97,1397/11/14,Chrome
5.127.229.97,1397/11/14,Chrome
93.119.89.50,1397/11/14,Chrome
5.114.247.113,1397/11/14,Chrome
2.176.76.165,1397/11/14,Firefox
2.176.76.165,1397/11/14,Firefox
2.176.76.165,1397/11/14,Firefox
5.237.82.70,1397/11/14,Safari
178.131.231.18,1397/11/14,Chrome
178.131.231.18,1397/11/14,Chrome
178.131.231.18,1397/11/14,Chrome
178.131.231.18,1397/11/14,Chrome
178.131.231.18,1397/11/14,Chrome
188.245.189.207,1397/11/14,Chrome
2.177.105.163,1397/11/14,Safari
2.177.105.163,1397/11/14,Safari
188.245.189.207,1397/11/14,Chrome
2.177.20.25,1397/11/14,Chrome
80.191.172.35,1397/11/14,Chrome
80.191.172.35,1397/11/14,Chrome
5.52.129.45,1397/11/14,Safari
176.65.183.56,1397/11/14,Chrome
176.65.183.56,1397/11/14,Chrome
176.65.183.56,1397/11/14,Chrome
5.209.71.117,1397/11/14,Chrome
188.245.189.207,1397/11/14,Chrome
5.52.3.188,1397/11/14,Safari
2.181.126.43,1397/11/14,Chrome
31.56.146.74,1397/11/14,Chrome
31.56.146.74,1397/11/14,Chrome
86.55.171.78,1397/11/14,Safari
86.55.171.78,1397/11/14,Safari
2.181.126.43,1397/11/14,Chrome
2.181.126.43,1397/11/14,Chrome
5.237.70.169,1397/11/14,Chrome
46.51.73.87,1397/11/14,Chrome
46.51.73.87,1397/11/14,Chrome
46.51.73.87,1397/11/14,Chrome
46.51.73.87,1397/11/14,Chrome
46.51.73.87,1397/11/14,Chrome
46.51.73.87,1397/11/14,Chrome
46.51.73.87,1397/11/14,Chrome
46.51.73.87,1397/11/14,Chrome
46.51.73.87,1397/11/14,Chrome
2.181.237.40,1397/11/14,Chrome
2.185.77.139,1397/11/14,Chrome
2.185.77.139,1397/11/14,Chrome
2.185.77.139,1397/11/14,Chrome
5.52.129.45,1397/11/14,Safari
5.127.105.102,1397/11/14,Chrome
5.117.226.78,1397/11/14,Chrome
5.117.226.78,1397/11/14,Chrome
2.177.105.163,1397/11/14,Safari
5.212.245.83,1397/11/14,Safari
10.30.175.186,1397/11/14,Firefox
10.30.175.186,1397/11/14,Firefox
5.212.245.83,1397/11/14,Safari
5.212.245.83,1397/11/14,Safari
31.56.72.39,1397/11/14,Chrome
31.56.72.39,1397/11/14,Chrome
31.56.72.39,1397/11/14,Chrome
31.56.72.39,1397/11/14,Chrome
31.56.72.39,1397/11/14,Chrome
31.56.72.39,1397/11/14,Chrome
31.56.72.39,1397/11/14,Chrome
95.64.41.101,1397/11/14,Chrome
95.64.41.101,1397/11/14,Chrome
174.138.52.176,1397/11/14,Safari
5.127.35.224,1397/11/14,Chrome
5.127.35.224,1397/11/14,Chrome
5.124.198.171,1397/11/14,Firefox
5.124.198.171,1397/11/14,Firefox
5.210.9.104,1397/11/14,Chrome
5.210.9.104,1397/11/14,Chrome
2.181.126.43,1397/11/14,Chrome
5.234.157.62,1397/11/14,Chrome
83.122.66.56,1397/11/14,Chrome
83.122.66.56,1397/11/14,Chrome
83.122.66.56,1397/11/14,Chrome
2.187.4.38,1397/11/14,Firefox
5.232.219.231,1397/11/14,Chrome
188.158.245.37,1397/11/14,Chrome
188.158.245.37,1397/11/14,Chrome
91.98.254.16,1397/11/14,Chrome
188.158.245.37,1397/11/14,Chrome
188.158.245.37,1397/11/14,Chrome
188.158.245.37,1397/11/14,Chrome
188.158.245.37,1397/11/14,Chrome
79.127.84.249,1397/11/14,Chrome
79.127.84.249,1397/11/14,Chrome
37.148.85.82,1397/11/14,Chrome
37.148.85.82,1397/11/14,Chrome
37.148.85.82,1397/11/14,Chrome
2.181.237.40,1397/11/14,Chrome
2.181.237.40,1397/11/14,Chrome
2.181.237.40,1397/11/14,Chrome
5.210.35.208,1397/11/14,Safari
54.36.173.172,1397/11/14,Chrome
66.249.93.221,1397/11/14,Chrome
5.78.33.141,1397/11/14,Chrome
31.2.225.237,1397/11/14,Safari
31.2.225.237,1397/11/14,Safari
2.180.65.122,1397/11/14,Chrome
2.181.237.40,1397/11/14,Chrome
2.181.237.40,1397/11/14,Chrome
2.181.237.40,1397/11/14,Chrome
2.181.237.40,1397/11/14,Chrome
94.101.187.162,1397/11/14,Chrome
5.210.102.240,1397/11/14,Safari
94.101.187.162,1397/11/14,Chrome
94.101.187.162,1397/11/14,Chrome
94.101.187.162,1397/11/14,Chrome
94.101.187.162,1397/11/14,Chrome
94.101.187.162,1397/11/14,Chrome
94.101.187.162,1397/11/14,Chrome
94.101.187.162,1397/11/14,Chrome
94.101.187.162,1397/11/14,Chrome
94.101.187.162,1397/11/14,Chrome
94.101.187.162,1397/11/14,Chrome
94.101.187.162,1397/11/14,Chrome
94.101.187.162,1397/11/14,Chrome
94.101.187.162,1397/11/14,Chrome
94.101.187.162,1397/11/14,Chrome
94.101.187.162,1397/11/14,Chrome
94.101.187.162,1397/11/14,Chrome
94.101.187.162,1397/11/14,Chrome
94.101.187.162,1397/11/14,Chrome
94.101.187.162,1397/11/14,Chrome
167.99.141.47,1397/11/14,Chrome
5.126.214.241,1397/11/14,Chrome
89.47.77.18,1397/11/14,Safari
40.77.167.107,1397/11/14,Mozilla
5.127.156.125,1397/11/14,Chrome
5.127.156.125,1397/11/14,Chrome
5.127.156.125,1397/11/14,Chrome
5.127.156.125,1397/11/14,Chrome
5.127.156.125,1397/11/14,Chrome
46.51.30.192,1397/11/14,Chrome
46.51.30.192,1397/11/14,Chrome
5.127.227.253,1397/11/14,Mozilla
5.127.227.253,1397/11/14,Mozilla
31.56.77.147,1397/11/14,Chrome
62.138.6.53,1397/11/14,Safari
31.56.77.147,1397/11/14,Chrome
31.56.77.147,1397/11/14,Chrome
31.56.77.147,1397/11/14,Chrome
31.56.77.147,1397/11/14,Chrome
31.56.77.147,1397/11/14,Chrome
83.122.157.77,1397/11/14,Safari
5.217.96.34,1397/11/13,Safari
46.224.122.92,1397/11/13,Chrome
46.224.122.92,1397/11/13,Chrome
46.224.122.92,1397/11/13,Chrome
185.120.232.164,1397/11/13,Chrome
173.212.213.234,1397/11/13,Chrome
173.212.213.234,1397/11/13,Chrome
5.124.170.187,1397/11/13,Firefox
5.127.27.83,1397/11/13,Chrome
5.127.27.83,1397/11/13,Chrome
5.127.27.83,1397/11/13,Chrome
5.127.27.83,1397/11/13,Chrome
5.127.27.83,1397/11/13,Chrome
5.127.27.83,1397/11/13,Chrome
46.248.48.114,1397/11/13,Chrome
204.18.72.65,1397/11/13,Chrome
204.18.72.65,1397/11/13,Chrome
204.18.72.65,1397/11/13,Chrome
31.59.37.129,1397/11/13,Chrome
31.59.37.129,1397/11/13,Chrome
31.59.37.129,1397/11/13,Chrome
188.34.61.60,1397/11/13,Chrome
5.201.195.146,1397/11/13,Chrome
94.182.232.250,1397/11/13,Safari
5.123.169.167,1397/11/13,Chrome
37.129.16.56,1397/11/13,Chrome
37.129.16.56,1397/11/13,Chrome
5.216.30.115,1397/11/13,Firefox
5.216.30.115,1397/11/13,Firefox
113.203.84.22,1397/11/13,Chrome
113.203.84.22,1397/11/13,Chrome
5.216.30.115,1397/11/13,Firefox
2.184.195.227,1397/11/13,Chrome
2.184.195.227,1397/11/13,Chrome
5.160.133.146,1397/11/13,Chrome
172.104.29.32,1397/11/13,Safari
172.104.29.32,1397/11/13,Safari
172.104.29.32,1397/11/13,Safari
2.184.195.227,1397/11/13,Chrome
2.184.195.227,1397/11/13,Chrome
174.138.52.176,1397/11/13,Safari
5.112.19.62,1397/11/13,Chrome
5.52.157.198,1397/11/13,Chrome
5.52.157.198,1397/11/13,Chrome
5.52.157.198,1397/11/13,Chrome
5.127.227.253,1397/11/13,Mozilla
5.127.227.253,1397/11/13,Mozilla
5.127.227.253,1397/11/13,Mozilla
5.127.227.253,1397/11/13,Mozilla
5.127.227.253,1397/11/13,Mozilla
5.127.227.253,1397/11/13,Mozilla
5.127.227.253,1397/11/13,Mozilla
5.127.227.253,1397/11/13,Mozilla
5.160.133.146,1397/11/13,Chrome
89.196.46.216,1397/11/13,Safari
89.196.46.216,1397/11/13,Safari
89.196.46.216,1397/11/13,Safari
2.179.36.199,1397/11/13,Chrome
37.129.138.132,1397/11/13,Chrome
37.129.138.132,1397/11/13,Chrome
95.64.106.29,1397/11/13,Chrome
37.129.138.132,1397/11/13,Chrome
5.160.133.146,1397/11/13,Chrome
5.160.133.146,1397/11/13,Chrome
5.160.133.146,1397/11/13,Chrome
2.180.65.122,1397/11/13,Chrome
89.47.142.225,1397/11/13,Chrome
5.115.183.14,1397/11/13,Chrome
5.115.183.14,1397/11/13,Chrome
89.47.142.225,1397/11/13,Chrome
89.47.142.225,1397/11/13,Chrome
89.47.142.225,1397/11/13,Chrome
89.47.142.225,1397/11/13,Chrome
89.47.142.225,1397/11/13,Chrome
89.47.142.225,1397/11/13,Chrome
204.18.61.251,1397/11/13,Chrome
5.116.110.22,1397/11/13,Chrome
5.127.40.14,1397/11/13,Chrome
5.127.40.14,1397/11/13,Chrome
5.127.40.14,1397/11/13,Chrome
5.127.40.14,1397/11/13,Chrome
5.127.40.14,1397/11/13,Chrome
5.127.40.14,1397/11/13,Chrome
5.127.40.14,1397/11/13,Chrome
5.127.40.14,1397/11/13,Chrome
5.127.40.14,1397/11/13,Chrome
5.52.174.69,1397/11/13,Firefox
5.127.40.14,1397/11/13,Chrome
83.136.106.160,1397/11/13,Chrome
66.249.93.71,1397/11/13,Chrome
85.204.104.147,1397/11/13,Chrome
91.98.212.233,1397/11/13,Firefox
91.98.212.233,1397/11/13,Firefox
91.99.190.135,1397/11/13,Chrome
89.198.168.176,1397/11/13,Chrome
151.239.111.68,1397/11/13,Firefox
46.42.149.53,1397/11/13,Chrome
37.137.30.57,1397/11/13,Chrome
37.137.30.57,1397/11/13,Chrome
79.127.9.52,1397/11/13,Chrome
79.127.9.52,1397/11/13,Chrome
79.127.9.52,1397/11/13,Chrome
79.127.9.52,1397/11/13,Chrome
192.119.167.5,1397/11/13,Chrome
85.204.220.188,1397/11/13,Firefox
185.42.214.176,1397/11/13,Chrome
185.42.214.176,1397/11/13,Chrome
178.131.235.13,1397/11/13,Safari
192.119.160.2,1397/11/13,Chrome
192.119.160.2,1397/11/13,Chrome
192.119.160.2,1397/11/13,Chrome
5.239.154.156,1397/11/13,Chrome
37.148.90.211,1397/11/13,Chrome
173.249.40.115,1397/11/13,Firefox
5.116.159.17,1397/11/13,Chrome
5.116.159.17,1397/11/13,Chrome
2.177.199.40,1397/11/13,Chrome
2.177.199.40,1397/11/13,Chrome
2.177.199.40,1397/11/13,Chrome
89.198.31.252,1397/11/13,Chrome
89.198.31.252,1397/11/13,Chrome
89.198.31.252,1397/11/13,Chrome
5.212.208.182,1397/11/13,Safari
5.124.84.191,1397/11/13,Chrome
5.124.84.191,1397/11/13,Chrome
5.124.84.191,1397/11/13,Chrome
91.98.11.10,1397/11/13,Chrome
5.119.110.53,1397/11/13,Chrome
5.124.61.88,1397/11/13,Chrome
5.124.61.88,1397/11/13,Chrome
5.119.110.53,1397/11/13,Chrome
5.119.110.53,1397/11/13,Safari
5.119.110.53,1397/11/13,Safari
5.127.227.253,1397/11/13,Mozilla
5.127.227.253,1397/11/13,Mozilla
5.127.227.253,1397/11/13,Mozilla
5.127.227.253,1397/11/13,Mozilla
188.210.118.120,1397/11/13,Chrome
188.210.118.120,1397/11/13,Chrome
89.196.231.29,1397/11/13,Chrome
2.177.144.194,1397/11/13,Chrome
2.177.144.194,1397/11/13,Chrome
2.184.55.106,1397/11/13,Firefox
2.184.55.106,1397/11/13,Firefox
2.181.126.43,1397/11/13,Chrome
5.126.129.3,1397/11/13,Chrome
185.110.244.191,1397/11/13,Chrome
2.181.126.43,1397/11/13,Chrome
2.181.126.43,1397/11/13,Chrome
2.181.126.43,1397/11/13,Chrome
2.185.85.238,1397/11/13,Chrome
2.185.85.238,1397/11/13,Chrome
2.185.85.238,1397/11/13,Chrome
2.185.85.238,1397/11/13,Chrome
2.185.85.238,1397/11/13,Chrome
2.185.85.238,1397/11/13,Chrome
2.185.85.238,1397/11/13,Chrome
2.185.85.238,1397/11/13,Chrome
2.181.166.212,1397/11/13,Safari
2.181.166.212,1397/11/13,Safari
188.158.202.250,1397/11/13,Chrome
188.158.202.250,1397/11/13,Chrome
5.209.48.242,1397/11/13,Chrome
5.209.48.242,1397/11/13,Chrome
188.159.21.102,1397/11/13,Chrome
178.131.165.236,1397/11/13,Chrome
178.131.165.236,1397/11/13,Chrome
178.131.165.236,1397/11/13,Chrome
178.131.165.236,1397/11/13,Chrome
178.131.165.236,1397/11/13,Chrome
204.18.61.251,1397/11/13,Chrome
151.243.242.208,1397/11/13,Chrome
151.243.242.208,1397/11/13,Chrome
46.51.96.200,1397/11/13,Chrome
5.160.135.89,1397/11/13,Safari
151.243.242.208,1397/11/13,Chrome
151.243.242.208,1397/11/13,Chrome
188.158.202.250,1397/11/13,Chrome
188.158.202.250,1397/11/13,Chrome
188.158.202.250,1397/11/13,Chrome
188.158.202.250,1397/11/13,Chrome
188.158.202.250,1397/11/13,Chrome
188.158.202.250,1397/11/13,Chrome
188.158.202.250,1397/11/13,Chrome
188.158.202.250,1397/11/13,Chrome
188.158.202.250,1397/11/13,Chrome
188.158.202.250,1397/11/13,Chrome
5.238.225.191,1397/11/13,Firefox
5.201.195.146,1397/11/13,Chrome
5.127.206.189,1397/11/13,Chrome
5.127.206.189,1397/11/13,Chrome
5.127.206.189,1397/11/13,Chrome
5.127.206.189,1397/11/13,Chrome
5.127.206.189,1397/11/13,Chrome
2.180.183.210,1397/11/13,Chrome
5.113.92.90,1397/11/13,Chrome
5.201.195.146,1397/11/13,Chrome
89.199.173.106,1397/11/13,Chrome
89.199.173.106,1397/11/13,Chrome
89.199.173.106,1397/11/13,Chrome
89.199.173.106,1397/11/13,Chrome
86.55.101.162,1397/11/13,Chrome
86.55.101.162,1397/11/13,Chrome
89.196.148.95,1397/11/13,Safari
5.218.112.248,1397/11/12,Chrome
91.92.209.47,1397/11/12,Chrome
86.55.104.210,1397/11/12,Chrome
86.55.104.210,1397/11/12,Chrome
86.55.104.210,1397/11/12,Chrome
5.233.193.118,1397/11/12,Chrome
5.233.193.118,1397/11/12,Chrome
5.124.206.106,1397/11/12,Chrome
5.124.206.106,1397/11/12,Chrome
5.124.206.106,1397/11/12,Chrome
5.124.206.106,1397/11/12,Chrome
5.124.206.106,1397/11/12,Chrome
5.124.206.106,1397/11/12,Chrome
83.122.214.197,1397/11/12,Chrome
51.254.32.145,1397/11/12,Chrome
204.18.193.144,1397/11/12,Chrome
151.240.249.77,1397/11/12,Chrome
84.47.199.104,1397/11/12,Chrome
84.47.199.104,1397/11/12,Chrome
89.43.5.150,1397/11/12,Chrome
89.43.5.150,1397/11/12,Chrome
204.18.193.144,1397/11/12,Chrome
204.18.193.144,1397/11/12,Chrome
5.134.164.63,1397/11/12,Chrome
5.134.164.63,1397/11/12,Chrome
5.134.164.63,1397/11/12,Chrome
5.134.164.63,1397/11/12,Chrome
5.134.164.63,1397/11/12,Chrome
5.134.164.63,1397/11/12,Chrome
5.115.120.3,1397/11/12,Chrome
2.187.177.70,1397/11/12,Chrome
2.187.177.70,1397/11/12,Chrome
5.214.100.201,1397/11/12,Chrome
2.180.56.158,1397/11/12,Chrome
2.180.56.158,1397/11/12,Chrome
5.74.101.236,1397/11/12,Chrome
5.74.101.236,1397/11/12,Chrome
5.74.101.236,1397/11/12,Chrome
5.238.254.135,1397/11/12,Firefox
5.212.203.82,1397/11/12,Safari
5.212.203.82,1397/11/12,Safari
5.127.18.98,1397/11/12,Chrome
5.127.18.98,1397/11/12,Chrome
5.212.203.82,1397/11/12,Safari
5.212.203.82,1397/11/12,Safari
5.117.240.173,1397/11/12,Chrome
5.215.133.132,1397/11/12,Chrome
5.215.133.132,1397/11/12,Chrome
5.215.133.132,1397/11/12,Chrome
31.59.86.120,1397/11/12,Chrome
5.112.3.204,1397/11/12,Chrome
188.158.34.64,1397/11/12,Firefox
5.119.170.174,1397/11/12,Chrome
5.119.170.174,1397/11/12,Chrome
5.119.170.174,1397/11/12,Chrome
5.210.160.32,1397/11/12,Chrome
5.210.160.32,1397/11/12,Chrome
37.32.32.94,1397/11/12,Safari
37.32.32.94,1397/11/12,Safari
5.209.159.204,1397/11/12,Chrome
5.209.159.204,1397/11/12,Chrome
5.209.159.204,1397/11/12,Chrome
2.177.4.110,1397/11/12,Chrome
31.58.64.61,1397/11/12,Safari
2.177.4.110,1397/11/12,Chrome
2.177.4.110,1397/11/12,Chrome
2.177.4.110,1397/11/12,Chrome
2.177.4.110,1397/11/12,Chrome
2.177.4.110,1397/11/12,Chrome
2.177.4.110,1397/11/12,Chrome
2.177.4.110,1397/11/12,Chrome
2.177.4.110,1397/11/12,Chrome
2.177.4.110,1397/11/12,Chrome
91.251.170.15,1397/11/12,Chrome
213.226.68.227,1397/11/12,Safari
213.226.68.227,1397/11/12,Safari
213.226.68.227,1397/11/12,Safari
89.198.56.144,1397/11/12,Chrome
89.198.56.144,1397/11/12,Chrome
89.198.56.144,1397/11/12,Chrome
5.211.34.128,1397/11/12,Chrome
66.111.55.26,1397/11/12,Chrome
5.124.192.157,1397/11/12,Chrome
5.124.192.157,1397/11/12,Chrome
5.210.188.11,1397/11/12,Chrome
91.98.197.4,1397/11/12,Chrome
5.78.195.136,1397/11/12,Chrome
91.98.197.4,1397/11/12,Chrome
91.98.197.4,1397/11/12,Chrome
46.225.180.8,1397/11/12,Chrome
46.225.180.8,1397/11/12,Chrome
46.225.180.8,1397/11/12,Chrome
46.225.180.8,1397/11/12,Chrome
5.123.209.2,1397/11/12,Chrome
86.55.155.95,1397/11/12,Chrome
86.55.155.95,1397/11/12,Chrome
5.106.243.41,1397/11/12,Chrome
5.211.23.184,1397/11/12,Chrome
2.184.207.144,1397/11/12,Chrome
5.74.6.221,1397/11/12,Chrome
5.74.6.221,1397/11/12,Chrome
5.74.6.221,1397/11/12,Chrome
5.74.6.221,1397/11/12,Chrome
5.74.6.221,1397/11/12,Chrome
5.74.6.221,1397/11/12,Chrome
5.210.9.123,1397/11/12,Safari
5.123.2.178,1397/11/12,Chrome
79.127.16.8,1397/11/12,Chrome
79.127.16.8,1397/11/12,Chrome
89.235.80.139,1397/11/12,Chrome
89.235.80.139,1397/11/12,Chrome
46.51.50.227,1397/11/12,Chrome
46.51.50.227,1397/11/12,Chrome
151.234.19.83,1397/11/12,Chrome
151.234.19.83,1397/11/12,Chrome
151.234.19.83,1397/11/12,Chrome
204.18.247.234,1397/11/12,Chrome
5.127.80.77,1397/11/12,Chrome
5.127.80.77,1397/11/12,Chrome
5.127.80.77,1397/11/12,Chrome
5.123.150.38,1397/11/12,Chrome
5.123.150.38,1397/11/12,Chrome
66.249.88.79,1397/11/12,Chrome
5.123.150.38,1397/11/12,Chrome
5.123.150.38,1397/11/12,Chrome
5.123.150.38,1397/11/12,Chrome
5.123.150.38,1397/11/12,Chrome
151.239.98.202,1397/11/12,Chrome
5.123.150.38,1397/11/12,Chrome
5.123.150.38,1397/11/12,Chrome
5.123.150.38,1397/11/12,Chrome
5.123.46.113,1397/11/12,Firefox
91.185.141.71,1397/11/12,Mozilla
2.177.147.194,1397/11/12,Chrome
178.131.235.13,1397/11/12,Safari
46.100.72.37,1397/11/12,Firefox
46.100.72.37,1397/11/12,Firefox
2.176.112.238,1397/11/12,Firefox
5.233.183.221,1397/11/12,Chrome
5.237.112.42,1397/11/12,Safari
5.237.112.42,1397/11/12,Safari
89.36.227.34,1397/11/12,Firefox
2.181.167.35,1397/11/12,Chrome
2.181.167.35,1397/11/12,Chrome
5.214.158.79,1397/11/12,Chrome
83.123.58.105,1397/11/12,Chrome
5.115.151.213,1397/11/12,Chrome
5.218.64.21,1397/11/12,Firefox
5.115.151.213,1397/11/12,Chrome
2.176.112.238,1397/11/12,Firefox
178.238.196.229,1397/11/12,Chrome
178.238.196.229,1397/11/12,Chrome
5.52.87.33,1397/11/12,Chrome
5.52.87.33,1397/11/12,Chrome
54.36.111.165,1397/11/12,Chrome
5.52.71.125,1397/11/12,Safari
31.56.66.229,1397/11/12,Chrome
31.56.66.229,1397/11/12,Chrome
31.56.66.229,1397/11/12,Chrome
31.56.66.229,1397/11/12,Chrome
31.56.66.229,1397/11/12,Chrome
54.36.111.165,1397/11/12,Chrome
54.36.111.165,1397/11/12,Chrome
91.98.212.233,1397/11/12,Firefox
5.106.133.42,1397/11/12,Chrome
5.106.133.42,1397/11/12,Chrome
37.32.32.94,1397/11/12,Safari
5.106.133.42,1397/11/12,Chrome
5.106.133.42,1397/11/12,Chrome
37.32.32.94,1397/11/12,Safari
37.32.32.94,1397/11/12,Safari
37.32.32.94,1397/11/12,Safari
37.32.32.94,1397/11/12,Safari
37.148.78.170,1397/11/12,Chrome
37.148.78.170,1397/11/12,Chrome
37.148.78.170,1397/11/12,Chrome
37.148.78.170,1397/11/12,Chrome
5.114.187.175,1397/11/12,Chrome
5.117.142.237,1397/11/12,Chrome
5.113.38.115,1397/11/12,Safari
31.56.138.84,1397/11/12,Chrome
31.56.138.84,1397/11/12,Chrome
89.34.50.44,1397/11/12,Chrome
89.34.50.44,1397/11/12,Chrome
89.196.167.255,1397/11/12,Chrome
89.196.167.255,1397/11/12,Chrome
89.196.167.255,1397/11/12,Chrome
89.196.167.255,1397/11/12,Chrome
89.196.167.255,1397/11/12,Chrome
89.196.167.255,1397/11/12,Chrome
89.196.167.255,1397/11/12,Chrome
89.196.167.255,1397/11/12,Chrome
113.203.96.234,1397/11/12,Chrome
113.203.96.234,1397/11/12,Chrome
113.203.96.234,1397/11/12,Chrome
113.203.96.234,1397/11/12,Chrome
113.203.96.234,1397/11/12,Chrome
31.59.170.222,1397/11/12,Chrome
37.148.87.227,1397/11/12,Chrome
5.238.48.41,1397/11/12,Chrome
5.209.191.92,1397/11/12,Chrome
40.77.167.82,1397/11/12,Mozilla
86.55.101.162,1397/11/12,Chrome
83.122.142.216,1397/11/12,Chrome
2.178.235.196,1397/11/12,IE
2.178.235.196,1397/11/12,IE
2.178.235.196,1397/11/12,IE
2.178.235.196,1397/11/12,IE
2.178.235.196,1397/11/12,IE
5.52.128.232,1397/11/11,Chrome
94.176.62.154,1397/11/11,Chrome
94.176.62.154,1397/11/11,Chrome
94.176.62.154,1397/11/11,Chrome
94.176.62.154,1397/11/11,Chrome
5.121.152.64,1397/11/11,Chrome
5.121.152.64,1397/11/11,Chrome
5.121.152.64,1397/11/11,Chrome
2.191.4.171,1397/11/11,Chrome
5.121.152.64,1397/11/11,Chrome
5.121.152.64,1397/11/11,Chrome
5.121.152.64,1397/11/11,Chrome
5.121.152.64,1397/11/11,Chrome
77.238.113.117,1397/11/11,Chrome
77.238.113.117,1397/11/11,Chrome
77.238.113.117,1397/11/11,Chrome
104.194.25.109,1397/11/11,Chrome
104.194.25.109,1397/11/11,Chrome
5.211.157.184,1397/11/11,Chrome
5.211.157.184,1397/11/11,Chrome
5.211.157.184,1397/11/11,Chrome
5.211.157.184,1397/11/11,Chrome
5.238.250.71,1397/11/11,Firefox
5.238.250.71,1397/11/11,Firefox
5.238.250.71,1397/11/11,Firefox
113.203.23.222,1397/11/11,Chrome
5.114.196.60,1397/11/11,Chrome
5.114.196.60,1397/11/11,Chrome
5.114.196.60,1397/11/11,Chrome
2.179.146.188,1397/11/11,Firefox
91.251.78.221,1397/11/11,Chrome
188.209.68.139,1397/11/11,Safari
5.233.170.141,1397/11/11,Chrome
5.233.170.141,1397/11/11,Chrome
5.233.170.141,1397/11/11,Chrome
5.233.170.141,1397/11/11,Chrome
5.233.170.141,1397/11/11,Chrome
5.233.170.141,1397/11/11,Chrome
5.233.170.141,1397/11/11,Chrome
89.199.144.115,1397/11/11,Chrome
89.199.144.115,1397/11/11,Chrome
2.178.4.243,1397/11/11,Chrome
52.71.155.178,1397/11/11,Safari
2.179.129.8,1397/11/11,Chrome
89.196.169.198,1397/11/11,Chrome
88.80.186.185,1397/11/11,Chrome
5.119.38.234,1397/11/11,Chrome
86.55.101.162,1397/11/11,Chrome
86.55.101.162,1397/11/11,Chrome
86.55.101.162,1397/11/11,Chrome
5.52.185.177,1397/11/11,Chrome
2.180.150.16,1397/11/11,Chrome
2.180.150.16,1397/11/11,Chrome
2.180.150.16,1397/11/11,Chrome
83.120.214.101,1397/11/11,Chrome
157.97.123.49,1397/11/11,Chrome
157.97.123.49,1397/11/11,Chrome
157.97.123.49,1397/11/11,Chrome
157.97.123.49,1397/11/11,Chrome
157.97.123.49,1397/11/11,Chrome
5.233.170.141,1397/11/11,Chrome
5.233.170.141,1397/11/11,Chrome
91.92.125.22,1397/11/11,Chrome
91.92.125.22,1397/11/11,Chrome
89.37.9.11,1397/11/11,Chrome
89.37.9.11,1397/11/11,Chrome
89.37.9.11,1397/11/11,Chrome
83.123.107.116,1397/11/11,Chrome
5.233.170.141,1397/11/11,Chrome
5.233.170.141,1397/11/11,Chrome
5.233.170.141,1397/11/11,Chrome
5.233.170.141,1397/11/11,Chrome
5.233.170.141,1397/11/11,Chrome
5.233.170.141,1397/11/11,Chrome
5.233.170.141,1397/11/11,Chrome
37.137.11.229,1397/11/11,Chrome
31.59.162.101,1397/11/11,Chrome
31.59.162.101,1397/11/11,Chrome
31.59.162.101,1397/11/11,Chrome
80.210.237.97,1397/11/11,Chrome
91.92.209.47,1397/11/11,Chrome
5.113.208.241,1397/11/11,Chrome
5.113.208.241,1397/11/11,Chrome
5.113.208.241,1397/11/11,Chrome
5.113.208.241,1397/11/11,Chrome
142.93.34.219,1397/11/11,Chrome
142.93.34.219,1397/11/11,Chrome
142.93.34.219,1397/11/11,Chrome
142.93.34.219,1397/11/11,Chrome
142.93.34.219,1397/11/11,Chrome
142.93.34.219,1397/11/11,Chrome
142.93.34.219,1397/11/11,Chrome
142.93.34.219,1397/11/11,Chrome
142.93.34.219,1397/11/11,Chrome
142.93.34.219,1397/11/11,Chrome
142.93.34.219,1397/11/11,Chrome
142.93.34.219,1397/11/11,Chrome
142.93.34.219,1397/11/11,Chrome
142.93.34.219,1397/11/11,Chrome
142.93.34.219,1397/11/11,Chrome
178.253.47.57,1397/11/11,Chrome
2.179.52.163,1397/11/11,Chrome
5.233.170.141,1397/11/11,Chrome
5.233.170.141,1397/11/11,Chrome
2.186.144.7,1397/11/11,Chrome
2.186.144.7,1397/11/11,Chrome
2.186.144.7,1397/11/11,Chrome
2.186.144.7,1397/11/11,Chrome
2.178.46.96,1397/11/11,Chrome
31.56.228.215,1397/11/11,Chrome
89.199.210.32,1397/11/11,Chrome
185.178.48.98,1397/11/11,Chrome
5.210.56.48,1397/11/11,Chrome
145.239.0.185,1397/11/11,Chrome
145.239.0.185,1397/11/11,Chrome
151.239.179.197,1397/11/11,Chrome
195.181.54.157,1397/11/11,Chrome
2.177.253.32,1397/11/11,Chrome
2.177.253.32,1397/11/11,Chrome
2.177.253.32,1397/11/11,Chrome
37.148.65.223,1397/11/11,Chrome
109.162.217.156,1397/11/11,Chrome
2.181.157.184,1397/11/11,Chrome
51.15.107.87,1397/11/11,Chrome
51.15.107.87,1397/11/11,Chrome
51.15.107.87,1397/11/11,Chrome
51.15.107.87,1397/11/11,Chrome
51.15.107.87,1397/11/11,Chrome
104.194.25.109,1397/11/11,Chrome
104.194.25.109,1397/11/11,Chrome
113.203.82.57,1397/11/11,Chrome
113.203.82.57,1397/11/11,Chrome
113.203.82.57,1397/11/11,Chrome
5.202.221.31,1397/11/11,Firefox
51.75.146.100,1397/11/11,Chrome
51.75.146.100,1397/11/11,Chrome
5.78.51.7,1397/11/11,Chrome
5.78.51.7,1397/11/11,Chrome
5.78.51.7,1397/11/11,Chrome
5.78.51.7,1397/11/11,Chrome
204.18.173.13,1397/11/11,Chrome
5.119.60.51,1397/11/11,Chrome
5.113.117.137,1397/11/11,Chrome
5.113.117.137,1397/11/11,Chrome
85.185.92.223,1397/11/11,Chrome
178.131.235.13,1397/11/11,Safari
77.81.154.166,1397/11/11,Chrome
37.98.17.213,1397/11/11,Chrome
37.98.17.213,1397/11/11,Chrome
37.98.17.213,1397/11/11,Chrome
5.134.177.4,1397/11/11,Mozilla
91.98.90.108,1397/11/11,Chrome
5.212.194.24,1397/11/11,Chrome
91.98.90.108,1397/11/11,Chrome
5.113.189.51,1397/11/11,Chrome
2.184.192.254,1397/11/11,Chrome
5.52.70.246,1397/11/11,Safari
5.52.70.246,1397/11/11,Safari
80.210.129.72,1397/11/11,Chrome
5.114.48.162,1397/11/11,Firefox
5.116.117.56,1397/11/11,Chrome
178.131.235.13,1397/11/11,Safari
5.120.125.146,1397/11/11,Chrome
2.181.157.184,1397/11/11,Chrome
178.131.236.72,1397/11/11,Chrome
172.80.219.250,1397/11/11,Chrome
178.131.236.72,1397/11/11,Chrome
46.41.252.146,1397/11/11,Chrome
46.41.252.146,1397/11/11,Chrome
46.41.252.146,1397/11/11,Chrome
46.62.162.144,1397/11/11,Safari
5.209.255.198,1397/11/11,Chrome
5.209.255.198,1397/11/11,Chrome
5.209.255.198,1397/11/11,Chrome
5.209.255.198,1397/11/11,Chrome
5.209.255.198,1397/11/11,Chrome
2.180.98.195,1397/11/11,Chrome
2.191.60.78,1397/11/11,Safari
178.131.236.72,1397/11/11,Chrome
178.131.236.72,1397/11/11,Chrome
178.131.236.72,1397/11/11,Chrome
178.131.236.72,1397/11/11,Chrome
178.131.236.72,1397/11/11,Chrome
178.131.236.72,1397/11/11,Chrome
104.131.206.14,1397/11/11,Chrome
104.131.206.14,1397/11/11,Chrome
2.185.72.160,1397/11/11,Chrome
37.202.139.105,1397/11/11,Chrome
37.202.139.105,1397/11/11,Chrome
37.148.84.167,1397/11/11,Chrome
2.184.252.66,1397/11/11,Chrome
2.181.84.176,1397/11/11,Chrome
2.181.84.176,1397/11/11,Chrome
2.181.84.176,1397/11/11,Chrome
188.158.52.133,1397/11/11,Chrome
2.179.212.223,1397/11/11,Chrome
2.179.212.223,1397/11/11,Chrome
2.179.212.223,1397/11/11,Chrome
2.179.212.223,1397/11/11,Chrome
5.211.211.52,1397/11/11,Firefox
5.211.211.52,1397/11/11,Firefox
5.211.211.52,1397/11/11,Firefox
5.211.211.52,1397/11/11,Firefox
5.211.211.52,1397/11/11,Firefox
5.239.98.119,1397/11/11,Chrome
5.239.98.119,1397/11/11,Chrome
37.32.32.124,1397/11/11,Safari
37.32.32.124,1397/11/11,Safari
37.32.32.124,1397/11/11,Safari
109.203.146.44,1397/11/11,Chrome
5.126.129.3,1397/11/11,Chrome
5.126.129.3,1397/11/11,Chrome
89.47.154.137,1397/11/11,Chrome
51.15.119.149,1397/11/11,Chrome
37.148.70.221,1397/11/11,Chrome
37.148.70.221,1397/11/11,Chrome
37.148.70.221,1397/11/11,Chrome
89.196.228.103,1397/11/11,Chrome
89.196.228.103,1397/11/11,Chrome
89.196.228.103,1397/11/11,Chrome
89.196.228.103,1397/11/11,Chrome
89.196.228.103,1397/11/11,Chrome
89.196.228.103,1397/11/11,Chrome
89.196.228.103,1397/11/11,Chrome
89.196.228.103,1397/11/11,Chrome
86.107.93.217,1397/11/11,Chrome
86.107.93.217,1397/11/11,Chrome
86.107.93.217,1397/11/11,Chrome
5.134.184.54,1397/11/11,Mozilla
5.134.184.54,1397/11/11,Mozilla
5.134.184.54,1397/11/11,Mozilla
158.58.14.245,1397/11/11,Chrome
86.55.121.111,1397/11/11,Chrome
86.55.121.111,1397/11/11,Chrome
5.209.180.185,1397/11/11,Chrome
5.209.180.185,1397/11/11,Chrome
5.211.117.255,1397/11/11,Safari
5.210.225.124,1397/11/11,Chrome
5.210.225.124,1397/11/11,Chrome
5.210.225.124,1397/11/11,Chrome
5.210.225.124,1397/11/11,Chrome
157.55.39.219,1397/11/11,Mozilla
5.201.248.37,1397/11/11,Chrome
86.55.79.103,1397/11/11,Chrome
86.55.79.103,1397/11/11,Chrome
2.181.237.40,1397/11/11,Chrome
66.249.93.66,1397/11/11,Chrome
5.112.102.178,1397/11/11,Mozilla
142.93.75.215,1397/11/11,Safari
86.55.7.220,1397/11/11,Chrome
86.55.7.220,1397/11/11,Chrome
86.55.7.220,1397/11/11,Chrome
142.93.75.215,1397/11/10,Safari
89.196.145.147,1397/11/10,Chrome
89.196.145.147,1397/11/10,Chrome
89.196.145.147,1397/11/10,Chrome
89.196.145.147,1397/11/10,Chrome
89.196.145.147,1397/11/10,Chrome
31.58.243.136,1397/11/10,Firefox
151.240.140.110,1397/11/10,Chrome
151.240.140.110,1397/11/10,Chrome
151.240.140.110,1397/11/10,Chrome
89.196.145.147,1397/11/10,Chrome
89.196.145.147,1397/11/10,Chrome
89.196.145.147,1397/11/10,Chrome
89.196.145.147,1397/11/10,Chrome
89.196.145.147,1397/11/10,Chrome
89.196.145.147,1397/11/10,Chrome
89.196.145.147,1397/11/10,Chrome
89.196.145.147,1397/11/10,Chrome
5.210.107.170,1397/11/10,Chrome
5.210.107.170,1397/11/10,Chrome
5.210.107.170,1397/11/10,Chrome
5.239.164.158,1397/11/10,Firefox
2.191.50.74,1397/11/10,Chrome
2.177.29.95,1397/11/10,Chrome
2.181.123.156,1397/11/10,Chrome
2.181.123.156,1397/11/10,Chrome
37.27.236.203,1397/11/10,Chrome
37.27.236.203,1397/11/10,Chrome
31.58.243.136,1397/11/10,Firefox
31.58.243.136,1397/11/10,Firefox
89.199.213.148,1397/11/10,Safari
46.62.132.69,1397/11/10,Safari
46.62.132.69,1397/11/10,Safari
46.225.182.120,1397/11/10,Chrome
46.62.132.69,1397/11/10,Safari
46.62.132.69,1397/11/10,Safari
46.62.132.69,1397/11/10,Safari
91.251.208.79,1397/11/10,Chrome
31.59.75.237,1397/11/10,Chrome
91.99.192.14,1397/11/10,Chrome
104.194.25.155,1397/11/10,Chrome
104.194.25.155,1397/11/10,Chrome
104.194.25.155,1397/11/10,Chrome
37.148.44.9,1397/11/10,Firefox
37.148.44.9,1397/11/10,Firefox
37.148.44.9,1397/11/10,Firefox
37.148.44.9,1397/11/10,Firefox
2.177.29.95,1397/11/10,Chrome
2.177.29.95,1397/11/10,Chrome
2.177.29.95,1397/11/10,Chrome
2.177.29.95,1397/11/10,Chrome
91.98.11.94,1397/11/10,Chrome
91.98.11.94,1397/11/10,Chrome
91.98.11.94,1397/11/10,Chrome
91.98.11.94,1397/11/10,Chrome
91.98.11.94,1397/11/10,Chrome
91.98.11.94,1397/11/10,Chrome
178.131.235.13,1397/11/10,Safari
5.233.193.2,1397/11/10,Chrome
5.233.193.2,1397/11/10,Chrome
5.233.193.2,1397/11/10,Chrome
5.233.193.2,1397/11/10,Chrome
5.233.193.2,1397/11/10,Chrome
5.209.130.186,1397/11/10,Chrome
5.209.130.186,1397/11/10,Chrome
5.112.42.183,1397/11/10,Chrome
5.210.150.122,1397/11/10,Chrome
5.210.150.122,1397/11/10,Chrome
5.210.150.122,1397/11/10,Chrome
5.210.150.122,1397/11/10,Chrome
37.148.72.62,1397/11/10,Chrome
89.36.190.69,1397/11/10,Chrome
89.36.190.69,1397/11/10,Chrome
5.232.240.114,1397/11/10,Chrome
5.232.240.114,1397/11/10,Chrome
5.232.240.114,1397/11/10,Chrome
5.232.240.114,1397/11/10,Chrome
5.232.240.114,1397/11/10,Chrome
5.123.77.253,1397/11/10,Chrome
5.232.133.223,1397/11/10,Firefox
93.119.73.129,1397/11/10,Firefox
5.124.96.137,1397/11/10,Chrome
31.7.123.43,1397/11/10,Chrome
5.113.12.41,1397/11/10,Chrome
5.113.12.41,1397/11/10,Chrome
93.119.95.225,1397/11/10,Firefox
93.119.95.225,1397/11/10,Firefox
93.119.95.225,1397/11/10,Firefox
5.217.195.182,1397/11/10,Chrome
93.119.95.225,1397/11/10,Firefox
93.119.95.225,1397/11/10,Firefox
5.217.195.182,1397/11/10,Chrome
5.217.195.182,1397/11/10,Chrome
5.217.195.182,1397/11/10,Chrome
5.217.195.182,1397/11/10,Chrome
93.118.173.224,1397/11/10,Firefox
104.194.25.155,1397/11/10,Chrome
104.194.25.155,1397/11/10,Chrome
151.241.250.60,1397/11/10,Safari
151.241.250.60,1397/11/10,Safari
5.116.162.233,1397/11/10,Chrome
5.116.162.233,1397/11/10,Chrome
5.116.162.233,1397/11/10,Chrome
5.116.162.233,1397/11/10,Chrome
5.116.162.233,1397/11/10,Chrome
5.112.209.32,1397/11/10,Chrome
5.112.209.32,1397/11/10,Chrome
5.112.209.32,1397/11/10,Chrome
5.112.209.32,1397/11/10,Chrome
204.18.156.4,1397/11/10,Chrome
204.18.156.4,1397/11/10,Chrome
204.18.156.4,1397/11/10,Chrome
5.112.144.48,1397/11/10,Chrome
5.112.144.48,1397/11/10,Chrome
93.115.218.123,1397/11/10,Chrome
93.115.218.123,1397/11/10,Chrome
5.119.103.209,1397/11/10,Chrome
5.208.53.188,1397/11/10,Safari
5.115.205.242,1397/11/10,Chrome
2.179.212.223,1397/11/10,Chrome
2.179.212.223,1397/11/10,Chrome
89.37.9.219,1397/11/10,Chrome
5.123.82.67,1397/11/10,Chrome
5.123.82.67,1397/11/10,Chrome
2.179.212.223,1397/11/10,Chrome
2.179.212.223,1397/11/10,Chrome
2.179.212.223,1397/11/10,Chrome
2.179.212.223,1397/11/10,Chrome
2.179.212.223,1397/11/10,Chrome
2.179.212.223,1397/11/10,Chrome
2.179.212.223,1397/11/10,Chrome
2.179.212.223,1397/11/10,Chrome
217.77.119.186,1397/11/10,Chrome
217.77.119.186,1397/11/10,Chrome
192.119.167.87,1397/11/10,Chrome
5.120.53.180,1397/11/10,Safari
5.209.227.48,1397/11/10,Chrome
5.209.227.48,1397/11/10,Chrome
5.209.227.48,1397/11/10,Chrome
5.209.227.48,1397/11/10,Chrome
5.209.227.48,1397/11/10,Chrome
5.209.227.48,1397/11/10,Chrome
5.125.201.90,1397/11/10,Chrome
5.125.201.90,1397/11/10,Chrome
5.125.201.90,1397/11/10,Chrome
5.125.201.90,1397/11/10,Chrome
5.125.201.90,1397/11/10,Chrome
5.125.201.90,1397/11/10,Chrome
5.125.201.90,1397/11/10,Chrome
5.125.201.90,1397/11/10,Chrome
5.125.201.90,1397/11/10,Chrome
5.125.201.90,1397/11/10,Chrome
5.125.201.90,1397/11/10,Chrome
86.55.206.86,1397/11/10,Chrome
86.55.206.86,1397/11/10,Chrome
86.55.206.86,1397/11/10,Chrome
86.55.206.86,1397/11/10,Chrome
5.52.165.241,1397/11/10,Chrome
172.80.204.231,1397/11/10,Chrome
2.177.224.227,1397/11/10,Safari
89.199.223.92,1397/11/10,Chrome
89.199.223.92,1397/11/10,Chrome
188.209.8.140,1397/11/10,Chrome
2.181.237.40,1397/11/10,Chrome
2.181.237.40,1397/11/10,Chrome
77.237.189.63,1397/11/10,Chrome
77.81.204.13,1397/11/10,Chrome
37.98.113.28,1397/11/10,Firefox
37.98.113.28,1397/11/10,Firefox
37.98.113.28,1397/11/10,Firefox
::1,1397/11/10,Chrome
5.238.216.204,1397/11/10,Firefox
5.238.216.204,1397/11/10,Firefox
5.238.216.204,1397/11/10,Firefox
5.116.159.211,1397/11/10,Firefox
5.238.216.204,1397/11/10,Firefox
5.238.216.204,1397/11/10,Firefox
5.238.216.204,1397/11/10,Firefox
5.238.216.204,1397/11/10,Firefox
5.238.216.204,1397/11/10,Firefox
5.238.216.204,1397/11/10,Firefox
5.238.216.204,1397/11/10,Firefox
5.238.216.204,1397/11/10,Firefox
5.238.216.204,1397/11/10,Firefox
5.238.216.204,1397/11/10,Firefox
5.238.216.204,1397/11/10,Firefox
5.238.216.204,1397/11/10,Firefox
5.113.132.14,1397/11/10,Safari
5.113.132.14,1397/11/10,Safari
5.113.132.14,1397/11/10,Safari
5.113.132.14,1397/11/10,Safari
31.56.194.232,1397/11/10,Chrome
31.56.194.232,1397/11/10,Chrome
31.56.194.232,1397/11/10,Chrome
31.56.194.232,1397/11/10,Chrome
188.215.167.188,1397/11/10,Chrome
31.57.243.125,1397/11/10,Chrome
31.57.243.125,1397/11/10,Chrome
5.208.53.188,1397/11/10,Safari
5.208.53.188,1397/11/10,Safari
5.208.53.188,1397/11/10,Safari
5.211.39.131,1397/11/10,Safari
5.211.39.131,1397/11/10,Safari
5.208.53.188,1397/11/10,Safari
5.208.53.188,1397/11/10,Safari
2.181.163.26,1397/11/10,InternetExplorer
2.181.163.26,1397/11/10,InternetExplorer
2.181.163.26,1397/11/10,InternetExplorer
2.176.130.157,1397/11/10,Unknown
5.213.126.130,1397/11/10,Chrome
5.213.126.130,1397/11/10,Chrome
5.213.126.130,1397/11/10,Chrome
5.213.126.130,1397/11/10,Chrome
5.213.126.130,1397/11/10,Chrome
5.213.126.130,1397/11/10,Chrome
5.213.126.130,1397/11/10,Chrome
5.213.126.130,1397/11/10,Chrome
46.51.51.152,1397/11/10,Chrome
5.106.93.79,1397/11/10,Chrome
5.106.93.79,1397/11/10,Chrome
188.245.213.247,1397/11/10,Chrome
5.115.205.242,1397/11/10,Chrome
5.239.254.105,1397/11/10,Chrome
5.239.254.105,1397/11/10,Chrome
5.213.46.184,1397/11/10,Safari
77.81.155.75,1397/11/10,Chrome
77.81.155.75,1397/11/10,Chrome
77.81.155.75,1397/11/10,Chrome
77.81.155.75,1397/11/10,Chrome
77.81.155.75,1397/11/10,Chrome
77.81.155.75,1397/11/10,Chrome
5.238.200.120,1397/11/10,Chrome
91.243.166.2,1397/11/10,Chrome
5.62.222.140,1397/11/10,Chrome
94.101.187.162,1397/11/10,Chrome
46.225.182.120,1397/11/10,Chrome
46.225.182.120,1397/11/10,Chrome
46.225.182.120,1397/11/10,Chrome
46.225.182.120,1397/11/10,Chrome
46.225.182.120,1397/11/10,Chrome
5.114.165.232,1397/11/10,Chrome
46.225.182.120,1397/11/10,Chrome
94.101.187.162,1397/11/10,Chrome
188.229.119.185,1397/11/10,Safari
94.101.187.162,1397/11/10,Chrome
188.229.119.185,1397/11/10,Safari
94.101.187.162,1397/11/10,Chrome
188.229.119.185,1397/11/10,Safari
94.101.187.162,1397/11/10,Chrome
188.229.119.185,1397/11/10,Safari
5.114.249.52,1397/11/10,Chrome
188.229.119.185,1397/11/10,Safari
127.0.0.1,1397/11/10,Chrome
188.229.119.185,1397/11/10,Safari
188.229.119.185,1397/11/10,Safari
188.229.119.185,1397/11/10,Safari
37.129.1.178,1397/11/10,Chrome
2.179.139.167,1397/11/10,Firefox
5.106.93.79,1397/11/10,Chrome
5.106.93.79,1397/11/10,Chrome
5.106.93.79,1397/11/10,Chrome
5.106.93.79,1397/11/10,Chrome
5.106.93.79,1397/11/10,Chrome
5.211.160.65,1397/11/10,Safari
5.78.167.193,1397/11/10,Chrome
83.122.4.129,1397/11/10,Chrome
2.187.76.25,1397/11/10,Chrome
2.187.76.25,1397/11/10,Chrome
2.187.76.25,1397/11/10,Chrome
5.78.167.193,1397/11/10,Safari
5.78.167.193,1397/11/10,Safari
37.27.114.247,1397/11/10,Chrome
5.211.173.87,1397/11/10,Safari
5.211.173.87,1397/11/10,Safari
5.216.9.9,1397/11/10,Chrome
89.40.155.247,1397/11/10,Chrome
89.40.155.247,1397/11/10,Chrome
89.40.155.247,1397/11/10,Chrome
89.40.155.247,1397/11/10,Chrome
37.32.32.124,1397/11/10,Safari
5.208.55.81,1397/11/10,Chrome
37.32.32.124,1397/11/10,Safari
2.177.239.248,1397/11/10,Safari
89.36.190.69,1397/11/10,Chrome
89.36.190.69,1397/11/10,Chrome
89.36.190.69,1397/11/10,Chrome
91.99.52.13,1397/11/10,Chrome
91.99.52.13,1397/11/10,Chrome
2.177.29.137,1397/11/10,Chrome
89.36.190.69,1397/11/10,Chrome
5.208.92.90,1397/11/10,Chrome
5.115.205.242,1397/11/10,Chrome
5.115.205.242,1397/11/10,Chrome
5.233.183.36,1397/11/10,Chrome
5.233.183.36,1397/11/10,Chrome
5.233.183.36,1397/11/10,Chrome
158.58.111.142,1397/11/10,Chrome
158.58.111.142,1397/11/10,Chrome
188.245.17.213,1397/11/10,Chrome
188.245.17.213,1397/11/10,Chrome
5.114.65.32,1397/11/10,Chrome
5.114.65.32,1397/11/10,Chrome
2.177.29.137,1397/11/10,Chrome
2.177.29.137,1397/11/10,Chrome
2.177.29.137,1397/11/10,Chrome
2.177.29.137,1397/11/10,Chrome
2.177.29.137,1397/11/10,Chrome
158.58.111.142,1397/11/10,Chrome
158.58.111.142,1397/11/10,Chrome
5.115.205.242,1397/11/10,Chrome
5.114.165.232,1397/11/10,Chrome
5.114.165.232,1397/11/10,Chrome
5.114.165.232,1397/11/10,Chrome
5.114.165.232,1397/11/10,Chrome
5.114.165.232,1397/11/10,Chrome
5.115.205.242,1397/11/10,Chrome
51.15.230.78,1397/11/10,Chrome
51.15.230.78,1397/11/10,Chrome
2.181.237.40,1397/11/10,Chrome
67.220.189.157,1397/11/10,Chrome
5.239.114.30,1397/11/10,Chrome
5.239.114.30,1397/11/10,Chrome
5.112.138.76,1397/11/10,Safari
5.125.193.62,1397/11/10,Chrome
5.239.114.30,1397/11/10,Chrome
5.239.114.30,1397/11/10,Chrome
5.239.114.30,1397/11/10,Chrome
5.239.114.30,1397/11/10,Chrome
5.239.114.30,1397/11/10,Chrome
94.101.187.162,1397/11/10,Chrome
5.239.114.30,1397/11/10,Chrome
5.125.193.62,1397/11/10,Chrome
5.125.193.62,1397/11/10,Chrome
5.125.193.62,1397/11/10,Chrome
216.185.36.153,1397/11/10,Safari
89.36.57.127,1397/11/10,Chrome
89.36.57.127,1397/11/10,Chrome
89.36.57.127,1397/11/10,Chrome
94.101.187.162,1397/11/10,Chrome
94.101.187.162,1397/11/10,Chrome
94.101.187.162,1397/11/10,Chrome
94.101.187.162,1397/11/10,Chrome
94.101.187.162,1397/11/10,Chrome
94.101.187.162,1397/11/10,Chrome
188.229.18.134,1397/11/10,Safari
2.181.237.40,1397/11/10,Chrome
5.116.130.180,1397/11/10,Safari
5.116.130.180,1397/11/10,Safari
5.116.130.180,1397/11/10,Safari
5.116.130.180,1397/11/10,Safari
172.80.243.3,1397/11/10,Safari
2.181.237.40,1397/11/10,Chrome
2.181.237.40,1397/11/10,Chrome
37.27.124.7,1397/11/10,Chrome
37.27.124.7,1397/11/10,Chrome
185.120.146.114,1397/11/10,Firefox
185.120.146.114,1397/11/10,Firefox
94.101.187.162,1397/11/10,Chrome
94.101.187.162,1397/11/10,Chrome
94.101.187.162,1397/11/10,Chrome
94.101.187.162,1397/11/10,Chrome
94.101.187.162,1397/11/10,Chrome
94.101.187.162,1397/11/10,Chrome
94.101.187.162,1397/11/10,Chrome
5.112.114.136,1397/11/10,Chrome
37.27.124.7,1397/11/10,Chrome
37.27.124.7,1397/11/10,Chrome
188.158.196.55,1397/11/10,Chrome
188.158.196.55,1397/11/10,Chrome
188.158.196.55,1397/11/10,Chrome
188.158.196.55,1397/11/10,Chrome
37.27.124.7,1397/11/10,Chrome
37.27.124.7,1397/11/10,Chrome
5.23.117.17,1397/11/10,Chrome
5.112.114.136,1397/11/10,Chrome
5.112.114.136,1397/11/10,Chrome
5.112.114.136,1397/11/10,Chrome
5.112.114.136,1397/11/10,Chrome
5.112.114.136,1397/11/10,Chrome
5.112.114.136,1397/11/10,Chrome
5.112.114.136,1397/11/10,Chrome
5.112.114.136,1397/11/10,Chrome
5.112.114.136,1397/11/10,Chrome
54.36.173.172,1397/11/10,Chrome
54.36.173.172,1397/11/10,Chrome
54.36.173.172,1397/11/10,Chrome
54.36.173.172,1397/11/10,Chrome
54.36.173.172,1397/11/10,Chrome
54.36.173.172,1397/11/10,Chrome
5.112.114.136,1397/11/10,Chrome
5.112.114.136,1397/11/10,Chrome
5.112.114.136,1397/11/10,Chrome
5.112.114.136,1397/11/10,Chrome
89.34.60.205,1397/11/10,Chrome
89.34.60.205,1397/11/10,Chrome
5.134.164.101,1397/11/10,Chrome
5.134.164.101,1397/11/10,Chrome
5.134.164.101,1397/11/10,Chrome
37.32.32.124,1397/11/10,Safari
2.177.231.115,1397/11/10,Safari
2.177.231.115,1397/11/10,Safari
2.190.223.52,1397/11/10,Safari
5.239.81.210,1397/11/10,Chrome
188.210.118.120,1397/11/10,Chrome
86.55.110.215,1397/11/10,Chrome
86.55.110.215,1397/11/10,Chrome
188.166.47.231,1397/11/10,Chrome
2.176.136.173,1397/11/10,Firefox
79.127.15.68,1397/11/10,Chrome
5.210.114.7,1397/11/10,Safari
79.127.15.68,1397/11/10,Chrome
79.127.15.68,1397/11/10,Chrome
5.210.114.7,1397/11/10,Safari
5.74.101.236,1397/11/10,Chrome
93.119.87.158,1397/11/10,Chrome
46.224.48.27,1397/11/10,Chrome
46.224.48.27,1397/11/10,Chrome
46.224.48.27,1397/11/10,Chrome
2.178.7.82,1397/11/10,Chrome
2.178.7.82,1397/11/10,Chrome
104.248.249.190,1397/11/10,Chrome
2.178.7.82,1397/11/10,Chrome
2.178.7.82,1397/11/10,Chrome
104.248.249.190,1397/11/10,Chrome
2.178.7.82,1397/11/10,Chrome
2.178.7.82,1397/11/10,Chrome
5.116.243.40,1397/11/10,Chrome
5.116.243.40,1397/11/10,Chrome
5.116.243.40,1397/11/10,Chrome
5.116.243.40,1397/11/10,Chrome
91.251.5.78,1397/11/10,Safari
188.159.99.215,1397/11/10,Chrome
188.159.99.215,1397/11/10,Chrome
77.237.178.190,1397/11/10,Firefox
195.181.118.166,1397/11/10,Chrome
195.181.118.166,1397/11/10,Chrome
195.181.118.166,1397/11/10,Chrome
195.181.118.166,1397/11/10,Chrome
195.181.118.166,1397/11/10,Chrome
195.181.118.166,1397/11/10,Chrome
195.181.118.166,1397/11/09,Chrome
5.134.156.118,1397/11/09,Chrome
164.132.59.206,1397/11/09,Chrome
190.2.149.173,1397/11/09,Chrome
31.214.170.48,1397/11/09,Chrome
188.159.84.116,1397/11/09,Chrome
87.107.190.42,1397/11/09,Chrome
158.58.18.230,1397/11/09,Chrome
89.40.156.235,1397/11/09,Mozilla
89.40.156.235,1397/11/09,Mozilla
83.122.90.241,1397/11/09,Chrome
5.121.195.147,1397/11/09,Chrome
5.121.195.147,1397/11/09,Chrome
5.121.195.147,1397/11/09,Chrome
5.121.195.147,1397/11/09,Chrome
5.121.195.147,1397/11/09,Chrome
5.121.195.147,1397/11/09,Chrome
5.121.195.147,1397/11/09,Chrome
5.121.195.147,1397/11/09,Chrome
5.121.195.147,1397/11/09,Chrome
5.121.195.147,1397/11/09,Chrome
5.123.226.216,1397/11/09,Chrome
5.123.226.216,1397/11/09,Chrome
5.123.226.216,1397/11/09,Chrome
188.210.118.120,1397/11/09,Chrome
188.210.118.120,1397/11/09,Chrome
188.210.118.120,1397/11/09,Chrome
188.210.118.120,1397/11/09,Chrome
46.34.162.98,1397/11/09,Chrome
91.98.206.105,1397/11/09,Chrome
157.97.123.74,1397/11/09,Chrome
93.114.108.197,1397/11/09,Chrome
89.235.84.152,1397/11/09,Firefox
5.212.18.90,1397/11/09,Chrome
89.196.96.86,1397/11/09,Chrome
157.97.123.74,1397/11/09,Chrome
178.131.139.31,1397/11/09,Chrome
178.131.139.31,1397/11/09,Chrome
2.179.54.224,1397/11/09,Chrome
2.179.54.224,1397/11/09,Chrome
2.179.54.224,1397/11/09,Chrome
2.179.54.224,1397/11/09,Chrome
2.179.54.224,1397/11/09,Chrome
2.179.54.224,1397/11/09,Chrome
2.179.54.224,1397/11/09,Chrome
2.179.54.224,1397/11/09,Chrome
2.179.54.224,1397/11/09,Chrome
2.179.54.224,1397/11/09,Chrome
151.235.8.150,1397/11/09,Safari
37.148.51.5,1397/11/09,Firefox
37.148.47.72,1397/11/09,Chrome
2.179.54.224,1397/11/09,Chrome
5.212.129.253,1397/11/09,Chrome
5.212.129.253,1397/11/09,Chrome
5.212.129.253,1397/11/09,Chrome
5.212.129.253,1397/11/09,Chrome
5.212.129.253,1397/11/09,Chrome
5.212.129.253,1397/11/09,Chrome
5.212.129.253,1397/11/09,Chrome
91.251.3.220,1397/11/09,Mozilla
46.62.132.69,1397/11/09,Safari
46.62.132.69,1397/11/09,Safari
91.251.3.220,1397/11/09,Mozilla
91.251.3.220,1397/11/09,Mozilla
91.251.3.220,1397/11/09,Mozilla
91.251.3.220,1397/11/09,Mozilla
86.55.131.22,1397/11/09,Chrome
2.178.46.96,1397/11/09,Chrome
5.212.129.253,1397/11/09,Chrome
5.212.129.253,1397/11/09,Chrome
5.212.129.253,1397/11/09,Chrome
5.212.129.253,1397/11/09,Chrome
91.251.3.220,1397/11/09,Mozilla
91.251.3.220,1397/11/09,Mozilla
91.251.3.220,1397/11/09,Mozilla
91.251.3.220,1397/11/09,Mozilla
5.211.40.24,1397/11/09,Chrome
5.209.146.3,1397/11/09,Chrome
5.74.246.97,1397/11/09,Chrome
5.74.246.97,1397/11/09,Chrome
5.74.246.97,1397/11/09,Chrome
5.74.246.97,1397/11/09,Chrome
5.115.200.187,1397/11/09,Chrome
91.98.206.105,1397/11/09,Chrome
5.112.214.58,1397/11/09,Chrome
5.78.167.193,1397/11/09,Safari
5.78.167.193,1397/11/09,Safari
5.78.167.193,1397/11/09,Safari
5.78.167.193,1397/11/09,Safari
5.78.167.193,1397/11/09,Chrome
89.199.198.177,1397/11/09,Chrome
173.249.54.83,1397/11/09,Chrome
151.239.117.215,1397/11/09,Chrome
151.239.117.215,1397/11/09,Chrome
45.56.194.70,1397/11/09,Safari
46.51.44.40,1397/11/09,Chrome
151.240.158.143,1397/11/09,Safari
151.240.158.143,1397/11/09,Safari
151.240.158.143,1397/11/09,Safari
46.51.44.40,1397/11/09,Chrome
46.51.44.40,1397/11/09,Chrome
46.51.44.40,1397/11/09,Chrome
46.51.44.40,1397/11/09,Chrome
46.51.44.40,1397/11/09,Chrome
188.158.196.222,1397/11/09,Chrome
188.158.196.222,1397/11/09,Chrome
188.158.196.222,1397/11/09,Chrome
31.57.209.120,1397/11/09,Chrome
46.225.182.120,1397/11/09,Chrome
46.225.182.120,1397/11/09,Chrome
5.126.16.130,1397/11/09,Chrome
5.126.16.130,1397/11/09,Chrome
5.74.66.156,1397/11/09,Chrome
5.74.66.156,1397/11/09,Chrome
5.74.66.156,1397/11/09,Chrome
5.74.66.156,1397/11/09,Chrome
5.74.66.156,1397/11/09,Chrome
5.74.66.156,1397/11/09,Chrome
5.74.66.156,1397/11/09,Chrome
5.213.6.86,1397/11/09,Chrome
2.180.241.112,1397/11/09,Chrome
5.124.98.143,1397/11/09,Safari
5.124.98.143,1397/11/09,Safari
5.125.95.155,1397/11/09,Chrome
5.125.95.155,1397/11/09,Chrome
5.239.81.210,1397/11/09,Chrome
5.112.10.247,1397/11/09,Safari
5.112.10.247,1397/11/09,Safari
2.179.54.224,1397/11/09,Chrome
2.179.54.224,1397/11/09,Chrome
5.209.104.188,1397/11/09,Chrome
85.185.132.102,1397/11/09,Chrome
151.242.170.15,1397/11/09,Chrome
151.242.170.15,1397/11/09,Chrome
5.209.104.188,1397/11/09,Chrome
5.113.129.98,1397/11/09,Firefox
66.160.178.87,1397/11/09,Chrome
5.74.114.215,1397/11/09,Chrome
151.239.94.7,1397/11/09,Firefox
5.208.31.76,1397/11/09,Chrome
5.219.211.193,1397/11/09,Chrome
5.219.211.193,1397/11/09,Chrome
94.101.187.162,1397/11/09,Chrome
94.101.187.162,1397/11/09,Chrome
94.101.187.162,1397/11/09,Chrome
5.52.170.140,1397/11/09,Chrome
5.52.170.140,1397/11/09,Chrome
216.185.36.109,1397/11/09,Safari
31.58.24.174,1397/11/09,Firefox
37.32.32.124,1397/11/09,Safari
94.101.187.162,1397/11/09,Chrome
94.101.187.162,1397/11/09,Chrome
94.101.187.162,1397/11/09,Chrome
94.101.187.162,1397/11/09,Chrome
94.101.187.162,1397/11/09,Chrome
94.101.187.162,1397/11/09,Chrome
94.101.187.162,1397/11/09,Chrome
94.101.187.162,1397/11/09,Chrome
94.101.187.162,1397/11/09,Chrome
94.101.187.162,1397/11/09,Chrome
5.234.242.71,1397/11/09,Safari
5.209.104.188,1397/11/09,Chrome
5.209.104.188,1397/11/09,Chrome
5.209.104.188,1397/11/09,Chrome
5.209.104.188,1397/11/09,Chrome
94.101.187.162,1397/11/09,Chrome
94.101.187.162,1397/11/09,Chrome
94.101.187.162,1397/11/09,Chrome
91.99.140.5,1397/11/09,Chrome
94.101.187.162,1397/11/09,Chrome
151.240.159.24,1397/11/09,Chrome
151.240.159.24,1397/11/09,Chrome
151.240.159.24,1397/11/09,Chrome
5.208.31.76,1397/11/09,Chrome
2.187.177.159,1397/11/09,Firefox
127.0.0.1,1397/11/09,Chrome
5.208.31.76,1397/11/09,Chrome
127.0.0.1,1397/11/09,Chrome
127.0.0.1,1397/11/09,Chrome
127.0.0.1,1397/11/09,Chrome
151.240.47.155,1397/11/09,Chrome
127.0.0.1,1397/11/09,Chrome
127.0.0.1,1397/11/09,Chrome
5.113.245.133,1397/11/09,Chrome
127.0.0.1,1397/11/09,Chrome
5.218.121.161,1397/11/09,Chrome
::1,1397/11/09,Chrome
5.123.141.207,1397/11/09,Chrome
5.123.141.207,1397/11/09,Chrome
5.123.141.207,1397/11/09,Chrome
5.123.141.207,1397/11/09,Chrome
5.123.141.207,1397/11/09,Chrome
5.123.141.207,1397/11/09,Chrome
5.123.141.207,1397/11/09,Chrome
5.123.141.207,1397/11/09,Chrome
5.123.141.207,1397/11/09,Chrome
5.123.141.207,1397/11/09,Chrome
5.123.141.207,1397/11/09,Chrome
5.123.141.207,1397/11/09,Chrome
5.123.141.207,1397/11/09,Chrome
5.123.141.207,1397/11/09,Chrome
5.123.141.207,1397/11/09,Chrome
5.123.141.207,1397/11/09,Chrome
5.123.141.207,1397/11/09,Chrome
5.123.141.207,1397/11/09,Chrome
5.123.141.207,1397/11/09,Chrome
5.123.141.207,1397/11/09,Chrome
5.123.141.207,1397/11/09,Chrome
5.123.141.207,1397/11/09,Chrome
5.123.141.207,1397/11/09,Chrome
5.123.141.207,1397/11/09,Chrome
::1,1397/11/09,Chrome
::1,1397/11/09,Chrome
::1,1397/11/09,Chrome
::1,1397/11/09,Chrome
127.0.0.1,1397/11/09,Chrome
94.101.187.162,1397/11/09,Chrome
94.101.187.162,1397/11/09,Chrome
127.0.0.1,1397/11/09,Chrome
127.0.0.1,1397/11/09,Chrome
127.0.0.1,1397/11/09,Chrome
127.0.0.1,1397/11/09,Chrome
127.0.0.1,1397/11/09,Chrome
127.0.0.1,1397/11/09,Chrome
127.0.0.1,1397/11/09,Chrome
127.0.0.1,1397/11/09,Chrome
127.0.0.1,1397/11/09,Chrome
127.0.0.1,1397/11/09,Chrome
127.0.0.1,1397/11/09,Chrome
127.0.0.1,1397/11/09,Chrome
127.0.0.1,1397/11/09,Chrome
127.0.0.1,1397/11/09,Chrome
127.0.0.1,1397/11/09,Chrome
127.0.0.1,1397/11/09,Chrome
127.0.0.1,1397/11/09,Chrome
127.0.0.1,1397/11/09,Chrome
127.0.0.1,1397/11/09,Chrome
127.0.0.1,1397/11/09,Chrome
127.0.0.1,1397/11/09,Chrome
127.0.0.1,1397/11/09,Chrome
127.0.0.1,1397/11/09,Chrome
127.0.0.1,1397/11/09,Chrome
127.0.0.1,1397/11/09,Chrome
127.0.0.1,1397/11/09,Chrome
::1,1397/11/09,Chrome
::1,1397/11/09,Chrome
::1,1397/11/09,Chrome
::1,1397/11/09,Chrome
::1,1397/11/09,Chrome
::1,1397/11/09,Chrome
::1,1397/11/09,Chrome
::1,1397/11/09,Chrome
::1,1397/11/09,Chrome
::1,1397/11/09,Chrome
::1,1397/11/09,Chrome
5.232.0.37,1397/11/09,Firefox
::1,1397/11/09,Chrome
46.51.44.40,1397/11/09,Chrome
46.51.44.40,1397/11/09,Chrome
::1,1397/11/09,Chrome
31.59.12.145,1397/11/09,Firefox
::1,1397/11/09,Chrome
::1,1397/11/09,Chrome
109.202.101.52,1397/11/09,Chrome
::1,1397/11/09,Chrome
::1,1397/11/09,Chrome
109.202.101.52,1397/11/09,Chrome
::1,1397/11/09,Chrome
109.202.101.52,1397/11/09,Chrome
::1,1397/11/09,Chrome
::1,1397/11/09,Chrome
94.101.187.162,1397/11/09,Chrome
::1,1397/11/09,Chrome
::1,1397/11/09,Chrome
::1,1397/11/09,Chrome
::1,1397/11/09,Chrome
::1,1397/11/09,Chrome
::1,1397/11/09,Chrome
::1,1397/11/09,Chrome
::1,1397/11/09,Chrome
::1,1397/11/09,Chrome
::1,1397/11/09,Chrome
::1,1397/11/09,Chrome
::1,1397/11/09,Chrome
::1,1397/11/09,Chrome
::1,1397/11/09,Chrome
::1,1397/11/09,Chrome
::1,1397/11/09,Chrome
::1,1397/11/09,Chrome
5.114.249.52,1397/11/09,Chrome
::1,1397/11/09,Chrome
::1,1397/11/09,Chrome
::1,1397/11/09,Chrome
::1,1397/11/09,Chrome
::1,1397/11/09,Chrome
::1,1397/11/09,Chrome
::1,1397/11/09,Chrome
::1,1397/11/09,Chrome
::1,1397/11/09,Chrome
188.159.99.215,1397/11/09,Chrome
188.159.99.215,1397/11/09,Chrome
::1,1397/11/09,Chrome
::1,1397/11/09,Chrome
::1,1397/11/09,Chrome
::1,1397/11/09,Chrome
::1,1397/11/09,Chrome
::1,1397/11/09,Chrome
::1,1397/11/09,Chrome
::1,1397/11/09,Chrome
5.74.121.186,1397/11/09,Chrome
::1,1397/11/09,Chrome
116.202.28.159,1397/11/09,Chrome
113.203.9.26,1397/11/09,Chrome
::1,1397/11/09,Chrome
113.203.9.26,1397/11/09,Chrome
113.203.9.26,1397/11/09,Chrome
::1,1397/11/09,Chrome
::1,1397/11/09,Chrome
::1,1397/11/09,Chrome
::1,1397/11/09,Chrome
::1,1397/11/09,Chrome
::1,1397/11/09,Chrome
5.113.54.230,1397/11/09,Safari
::1,1397/11/09,Chrome
5.114.171.0,1397/11/09,Chrome
5.114.171.0,1397/11/09,Chrome
::1,1397/11/09,Chrome
::1,1397/11/09,Chrome
::1,1397/11/09,Chrome
5.121.113.111,1397/11/09,Chrome
5.121.113.111,1397/11/09,Chrome
46.248.62.71,1397/11/09,Chrome
5.121.113.111,1397/11/09,Chrome
5.124.15.96,1397/11/09,Chrome
5.124.15.96,1397/11/09,Chrome
5.121.113.111,1397/11/09,Chrome
5.121.113.111,1397/11/09,Chrome
5.121.113.111,1397/11/09,Chrome
93.114.110.18,1397/11/09,Chrome
5.121.113.111,1397/11/09,Chrome
5.121.113.111,1397/11/09,Chrome
5.121.113.111,1397/11/09,Chrome
5.121.113.111,1397/11/09,Chrome
5.121.113.111,1397/11/09,Chrome
::1,1397/11/09,Chrome
::1,1397/11/09,Chrome
46.248.62.71,1397/11/09,Chrome
::1,1397/11/09,Chrome
::1,1397/11/09,Chrome
::1,1397/11/09,Chrome
::1,1397/11/09,Chrome
37.27.241.45,1397/11/09,Safari
::1,1397/11/09,Chrome
94.101.187.162,1397/11/09,Chrome
94.101.187.162,1397/11/09,Chrome
::1,1397/11/09,Chrome
2.184.253.212,1397/11/09,Chrome
151.241.19.106,1397/11/09,Mozilla
::1,1397/11/09,Chrome
::1,1397/11/09,Chrome
195.181.118.166,1397/11/09,Chrome
::1,1397/11/09,Chrome
::1,1397/11/09,Chrome
::1,1397/11/09,Chrome
::1,1397/11/09,Chrome
::1,1397/11/09,Chrome
::1,1397/11/09,Chrome
::1,1397/11/09,Chrome
2.177.21.135,1397/11/09,Firefox
::1,1397/11/09,Chrome
::1,1397/11/09,Chrome
::1,1397/11/09,Chrome
2.179.212.223,1397/11/09,Chrome
2.179.212.223,1397/11/09,Chrome
2.179.212.223,1397/11/09,Chrome
::1,1397/11/09,Chrome
::1,1397/11/09,Chrome
::1,1397/11/09,Chrome
::1,1397/11/09,Chrome
::1,1397/11/09,Chrome
::1,1397/11/09,Chrome
::1,1397/11/09,Chrome
::1,1397/11/09,Chrome
::1,1397/11/09,Chrome
::1,1397/11/09,Chrome
::1,1397/11/09,Chrome
::1,1397/11/09,Chrome
::1,1397/11/09,Chrome
::1,1397/11/09,Chrome
::1,1397/11/09,Chrome
5.126.24.208,1397/11/09,Chrome
5.126.24.208,1397/11/09,Chrome
::1,1397/11/09,Chrome
::1,1397/11/09,Chrome
::1,1397/11/09,Chrome
::1,1397/11/09,Chrome
::1,1397/11/09,Chrome
::1,1397/11/09,Chrome
::1,1397/11/09,Chrome
::1,1397/11/09,Chrome
2.180.98.218,1397/11/09,Chrome
5.214.136.79,1397/11/09,Safari
::1,1397/11/09,Chrome
::1,1397/11/09,Chrome
::1,1397/11/09,Chrome
::1,1397/11/09,Chrome
::1,1397/11/09,Chrome
::1,1397/11/09,Chrome
5.122.100.34,1397/11/09,Chrome
5.122.100.34,1397/11/09,Chrome
5.122.100.34,1397/11/09,Chrome
95.64.124.80,1397/11/09,Safari
::1,1397/11/09,Chrome
::1,1397/11/09,Chrome
::1,1397/11/09,Chrome
::1,1397/11/09,Chrome
::1,1397/11/09,Chrome
::1,1397/11/09,Chrome
::1,1397/11/09,Chrome
::1,1397/11/09,Chrome
::1,1397/11/09,Chrome
109.125.148.149,1397/11/09,Safari
::1,1397/11/09,Chrome
::1,1397/11/09,Chrome
::1,1397/11/09,Chrome
::1,1397/11/09,Chrome
::1,1397/11/09,Chrome
::1,1397/11/09,Chrome
::1,1397/11/09,Firefox
::1,1397/11/09,Chrome
::1,1397/11/09,Chrome
::1,1397/11/09,Chrome
::1,1397/11/09,Chrome
::1,1397/11/09,Chrome
::1,1397/11/09,Chrome
::1,1397/11/09,Chrome
::1,1397/11/09,Chrome
::1,1397/11/09,Chrome
::1,1397/11/09,Chrome
::1,1397/11/09,Chrome
::1,1397/11/09,Chrome
::1,1397/11/09,Chrome
::1,1397/11/09,Chrome
::1,1397/11/09,Chrome
::1,1397/11/09,Chrome
::1,1397/11/09,Chrome
::1,1397/11/09,Chrome
::1,1397/11/09,Firefox
::1,1397/11/09,Firefox
::1,1397/11/09,Firefox
::1,1397/11/09,Firefox
::1,1397/11/09,Firefox
::1,1397/11/09,Chrome
::1,1397/11/09,Chrome
::1,1397/11/09,Chrome
::1,1397/11/09,Firefox
::1,1397/11/09,Firefox
188.210.113.52,1397/11/09,Chrome
::1,1397/11/09,Firefox
::1,1397/11/09,Firefox
::1,1397/11/09,Chrome
::1,1397/11/09,Chrome
::1,1397/11/09,Chrome
::1,1397/11/09,Chrome
::1,1397/11/09,Chrome
::1,1397/11/09,Chrome
::1,1397/11/09,Chrome
::1,1397/11/09,Chrome
::1,1397/11/09,Chrome
::1,1397/11/09,Chrome
::1,1397/11/09,Chrome
::1,1397/11/09,Chrome
::1,1397/11/09,Chrome
::1,1397/11/09,Chrome
::1,1397/11/09,Chrome
::1,1397/11/09,Chrome
::1,1397/11/09,Chrome
::1,1397/11/09,Chrome
::1,1397/11/09,Chrome
::1,1397/11/09,Chrome
::1,1397/11/09,Chrome
188.229.88.154,1397/11/09,Chrome
::1,1397/11/09,Chrome
::1,1397/11/09,Chrome
::1,1397/11/09,Chrome
::1,1397/11/09,Chrome
::1,1397/11/09,Chrome
::1,1397/11/09,Chrome
::1,1397/11/09,Chrome
::1,1397/11/09,Chrome
::1,1397/11/09,Chrome
::1,1397/11/09,Chrome
::1,1397/11/09,Chrome
::1,1397/11/09,Chrome
::1,1397/11/09,Chrome
::1,1397/11/09,Chrome
::1,1397/11/09,Chrome
::1,1397/11/09,Chrome
::1,1397/11/09,Chrome
::1,1397/11/09,Chrome
::1,1397/11/09,Chrome
86.55.94.17,1397/11/09,Chrome
157.55.39.205,1397/11/09,Mozilla
157.55.39.205,1397/11/09,Mozilla
5.126.133.96,1397/11/09,Safari
5.126.133.96,1397/11/09,Safari
5.116.84.124,1397/11/09,Firefox
2.190.226.120,1397/11/09,Chrome
157.55.39.88,1397/11/09,Mozilla
5.114.97.24,1397/11/09,Chrome
5.114.97.24,1397/11/09,Chrome
5.114.97.24,1397/11/09,Chrome
5.114.97.24,1397/11/09,Chrome
5.114.97.24,1397/11/09,Chrome
5.114.97.24,1397/11/09,Chrome
5.114.97.24,1397/11/09,Chrome
37.137.151.201,1397/11/09,Chrome
89.199.242.201,1397/11/09,Mozilla
89.199.242.201,1397/11/09,Mozilla
89.199.242.201,1397/11/09,Mozilla
5.215.189.235,1397/11/09,Chrome
5.215.189.235,1397/11/09,Chrome
2.187.170.66,1397/11/09,Firefox
5.215.189.235,1397/11/09,Chrome
37.156.59.214,1397/11/09,Chrome
37.156.59.214,1397/11/09,Chrome
89.199.7.3,1397/11/08,Chrome
89.198.245.54,1397/11/08,Chrome
89.198.245.54,1397/11/08,Chrome
89.198.245.54,1397/11/08,Chrome
151.240.252.11,1397/11/08,Firefox
37.129.151.62,1397/11/08,Chrome
91.251.174.4,1397/11/08,Chrome
91.251.174.4,1397/11/08,Chrome
86.55.131.22,1397/11/08,Chrome
152.44.32.204,1397/11/08,Safari
152.44.32.204,1397/11/08,Safari
95.85.51.227,1397/11/08,Chrome
5.212.191.40,1397/11/08,Chrome
5.212.191.40,1397/11/08,Chrome
151.238.248.184,1397/11/08,Chrome
5.237.122.41,1397/11/08,Chrome
80.210.251.153,1397/11/08,Chrome
151.243.197.179,1397/11/08,Chrome
91.98.212.59,1397/11/08,Mozilla
5.125.5.44,1397/11/08,Chrome
37.10.64.73,1397/11/08,Chrome
2.177.155.160,1397/11/08,Chrome
5.120.161.237,1397/11/08,Chrome
5.120.161.237,1397/11/08,Chrome
5.120.161.237,1397/11/08,Chrome
5.218.17.220,1397/11/08,Chrome
5.218.17.220,1397/11/08,Chrome
2.179.57.154,1397/11/08,Chrome
2.179.57.154,1397/11/08,Chrome
2.179.57.154,1397/11/08,Chrome
195.181.104.212,1397/11/08,Chrome
195.181.104.212,1397/11/08,Chrome
5.237.122.41,1397/11/08,Chrome
195.181.104.212,1397/11/08,Chrome
178.253.60.48,1397/11/08,Chrome
145.239.7.65,1397/11/08,Chrome
145.239.7.65,1397/11/08,Chrome
145.239.7.65,1397/11/08,Chrome
145.239.7.65,1397/11/08,Chrome
151.239.117.215,1397/11/08,Chrome
145.239.7.65,1397/11/08,Chrome
5.74.216.40,1397/11/08,Chrome
195.181.118.166,1397/11/08,Chrome
84.47.216.2,1397/11/08,Safari
195.181.118.166,1397/11/08,Chrome
195.181.118.166,1397/11/08,Chrome
157.97.123.188,1397/11/08,Chrome
188.158.203.230,1397/11/08,Chrome
188.158.203.230,1397/11/08,Chrome
188.158.203.230,1397/11/08,Chrome
188.158.203.230,1397/11/08,Chrome
188.210.181.232,1397/11/08,Firefox
5.113.107.95,1397/11/08,Chrome
188.210.181.232,1397/11/08,Firefox
195.181.118.166,1397/11/08,Chrome
195.181.118.166,1397/11/08,Chrome
195.181.118.166,1397/11/08,Chrome
93.115.222.188,1397/11/08,Chrome
93.115.222.188,1397/11/08,Chrome
5.113.107.95,1397/11/08,Chrome
91.251.186.76,1397/11/08,Chrome
195.181.118.166,1397/11/08,Chrome
37.137.28.197,1397/11/08,Chrome
89.235.85.242,1397/11/08,Firefox
89.34.34.92,1397/11/08,Chrome
89.34.34.92,1397/11/08,Chrome
5.238.200.172,1397/11/08,Firefox
5.238.200.172,1397/11/08,Firefox
176.65.169.58,1397/11/08,Chrome
176.65.169.58,1397/11/08,Chrome
188.229.53.232,1397/11/08,Chrome
138.68.167.96,1397/11/08,Safari
5.113.218.186,1397/11/08,Chrome
151.238.187.1,1397/11/08,Chrome
5.116.95.81,1397/11/08,Chrome
5.116.95.81,1397/11/08,Chrome
5.116.95.81,1397/11/08,Chrome
5.116.95.81,1397/11/08,Chrome
5.116.95.81,1397/11/08,Chrome
5.113.218.186,1397/11/08,Chrome
178.253.60.48,1397/11/08,Chrome
151.240.158.46,1397/11/08,Safari
151.240.158.46,1397/11/08,Safari
151.240.158.46,1397/11/08,Safari
2.176.130.95,1397/11/08,Unknown
46.41.244.53,1397/11/08,Chrome
46.41.244.53,1397/11/08,Chrome
89.196.204.154,1397/11/08,Chrome
89.196.204.154,1397/11/08,Chrome
46.41.244.53,1397/11/08,Chrome
46.41.244.53,1397/11/08,Chrome
46.41.244.53,1397/11/08,Chrome
89.219.73.70,1397/11/08,Chrome
5.52.142.107,1397/11/08,Firefox
89.219.73.70,1397/11/08,Chrome
5.112.239.61,1397/11/08,Chrome
91.251.49.124,1397/11/08,Chrome
91.251.49.124,1397/11/08,Chrome
91.251.49.124,1397/11/08,Chrome
91.251.49.124,1397/11/08,Chrome
188.208.188.144,1397/11/08,Chrome
188.208.188.144,1397/11/08,Chrome
37.148.91.182,1397/11/08,Chrome
95.38.180.1,1397/11/08,Firefox
95.38.180.1,1397/11/08,Firefox
2.179.130.65,1397/11/08,Firefox
37.148.91.182,1397/11/08,Chrome
37.10.64.73,1397/11/08,Chrome
95.162.154.15,1397/11/08,Chrome
5.112.177.30,1397/11/08,Chrome
192.15.183.39,1397/11/08,Chrome
192.15.183.39,1397/11/08,Chrome
192.15.183.39,1397/11/08,Chrome
204.18.29.191,1397/11/08,Chrome
::1,1397/11/08,Chrome
89.199.247.156,1397/11/08,Chrome
89.32.103.23,1397/11/08,Chrome
89.32.103.23,1397/11/08,Chrome
::1,1397/11/08,Chrome
172.80.248.59,1397/11/08,Chrome
::1,1397/11/08,Chrome
91.243.166.2,1397/11/08,Chrome
82.102.16.115,1397/11/08,Chrome
91.243.166.2,1397/11/08,Chrome
91.243.166.2,1397/11/08,Chrome
::1,1397/11/08,Chrome
::1,1397/11/08,Chrome
83.123.93.14,1397/11/08,Chrome
::1,1397/11/08,Chrome
::1,1397/11/08,Chrome
5.116.51.90,1397/11/08,Chrome
5.116.51.90,1397/11/08,Chrome
5.116.51.90,1397/11/08,Chrome
5.116.51.90,1397/11/08,Chrome
91.251.211.201,1397/11/08,Chrome
::1,1397/11/08,Chrome
::1,1397/11/08,Chrome
::1,1397/11/08,Chrome
::1,1397/11/08,Chrome
5.112.14.182,1397/11/08,Chrome
5.112.14.182,1397/11/08,Chrome
5.112.14.182,1397/11/08,Chrome
5.112.14.182,1397/11/08,Chrome
::1,1397/11/08,Chrome
5.112.171.172,1397/11/08,Chrome
89.198.118.43,1397/11/08,Chrome
91.99.176.83,1397/11/08,Chrome
89.199.92.31,1397/11/08,Chrome
::1,1397/11/08,Chrome
89.198.118.43,1397/11/08,Chrome
::1,1397/11/08,Chrome
::1,1397/11/08,Chrome
::1,1397/11/08,Chrome
::1,1397/11/08,Chrome
31.59.80.96,1397/11/08,Chrome
::1,1397/11/08,Chrome
::1,1397/11/08,Chrome
2.176.164.196,1397/11/08,Chrome
::1,1397/11/08,Chrome
::1,1397/11/08,Chrome
::1,1397/11/08,Chrome
::1,1397/11/08,Chrome
37.137.228.202,1397/11/08,Chrome
37.137.228.202,1397/11/08,Chrome
::1,1397/11/08,Chrome
37.137.228.202,1397/11/08,Chrome
37.137.228.202,1397/11/08,Chrome
5.212.212.85,1397/11/08,Chrome
::1,1397/11/08,Chrome
::1,1397/11/08,Chrome
::1,1397/11/08,Chrome
::1,1397/11/08,Chrome
::1,1397/11/08,Chrome
::1,1397/11/08,Chrome
::1,1397/11/08,Chrome
2.176.165.149,1397/11/08,Chrome
::1,1397/11/08,Chrome
::1,1397/11/08,Chrome
::1,1397/11/08,Chrome
::1,1397/11/08,Chrome
::1,1397/11/08,Chrome
::1,1397/11/08,Chrome
::1,1397/11/08,Chrome
::1,1397/11/08,Chrome
::1,1397/11/08,Chrome
188.253.100.230,1397/11/08,Safari
::1,1397/11/08,Chrome
::1,1397/11/08,Chrome
46.62.161.177,1397/11/08,Mozilla
::1,1397/11/08,Chrome
31.2.225.166,1397/11/08,Chrome
31.2.225.166,1397/11/08,Chrome
204.18.28.139,1397/11/08,Chrome
5.112.97.84,1397/11/08,Chrome
204.18.28.139,1397/11/08,Chrome
204.18.28.139,1397/11/08,Chrome
::1,1397/11/08,Chrome
::1,1397/11/08,Chrome
37.129.27.184,1397/11/08,Chrome
37.129.27.184,1397/11/08,Chrome
204.18.28.139,1397/11/08,Chrome
204.18.28.139,1397/11/08,Chrome
204.18.28.139,1397/11/08,Chrome
89.32.103.23,1397/11/08,Chrome
2.177.23.6,1397/11/08,Chrome
5.113.218.186,1397/11/08,Chrome
5.113.218.186,1397/11/08,Chrome
::1,1397/11/08,Chrome
5.113.218.186,1397/11/08,Chrome
5.113.218.186,1397/11/08,Chrome
5.113.218.186,1397/11/08,Chrome
5.113.218.186,1397/11/08,Chrome
::1,1397/11/08,Chrome
188.158.242.137,1397/11/08,Safari
188.158.242.137,1397/11/08,Safari
5.113.218.186,1397/11/08,Chrome
::1,1397/11/08,Chrome
2.178.37.144,1397/11/08,Chrome
31.59.86.237,1397/11/08,Chrome
31.59.86.237,1397/11/08,Chrome
31.59.86.237,1397/11/08,Chrome
31.59.86.237,1397/11/08,Chrome
::1,1397/11/08,Chrome
::1,1397/11/08,Chrome
::1,1397/11/08,Chrome
::1,1397/11/08,Chrome
2.178.37.144,1397/11/08,Chrome
5.119.186.106,1397/11/08,Chrome
::1,1397/11/08,Chrome
5.74.33.107,1397/11/08,Chrome
91.185.136.206,1397/11/08,Chrome
5.112.135.161,1397/11/08,Chrome
2.186.198.214,1397/11/08,Firefox
127.0.0.1,1397/11/08,Chrome
5.52.156.116,1397/11/08,Chrome
127.0.0.1,1397/11/08,Chrome
127.0.0.1,1397/11/08,Chrome
209.97.185.80,1397/11/08,Safari
127.0.0.1,1397/11/08,Chrome
127.0.0.1,1397/11/08,Chrome
86.55.99.163,1397/11/08,Chrome
86.55.99.163,1397/11/08,Chrome
2.178.32.21,1397/11/08,Chrome
5.113.215.158,1397/11/08,Chrome
5.113.215.158,1397/11/08,Chrome
5.113.215.158,1397/11/08,Chrome
5.113.215.158,1397/11/08,Chrome
83.123.79.2,1397/11/08,Chrome
83.123.79.2,1397/11/08,Chrome
83.123.79.2,1397/11/08,Chrome
83.123.79.2,1397/11/08,Chrome
83.123.79.2,1397/11/08,Chrome
83.123.79.2,1397/11/08,Chrome
83.123.79.2,1397/11/08,Chrome
83.123.79.2,1397/11/08,Chrome
83.123.79.2,1397/11/08,Chrome
31.58.24.174,1397/11/08,Firefox
46.62.155.106,1397/11/08,Firefox
46.62.155.106,1397/11/08,Firefox
46.62.155.106,1397/11/08,Firefox
178.238.203.223,1397/11/08,Chrome
178.238.203.223,1397/11/08,Chrome
178.238.203.223,1397/11/08,Chrome
178.238.203.223,1397/11/08,Chrome
178.238.203.223,1397/11/08,Chrome
192.119.167.212,1397/11/08,Chrome
5.52.102.228,1397/11/08,Chrome
5.52.102.228,1397/11/08,Chrome
5.124.17.102,1397/11/08,Chrome
5.124.17.102,1397/11/08,Chrome
2.186.252.83,1397/11/08,Chrome
::1,1397/11/08,Chrome
5.237.145.226,1397/11/08,Chrome
::1,1397/11/08,Chrome
5.239.162.142,1397/11/08,Chrome
5.237.145.226,1397/11/08,Chrome
5.237.145.226,1397/11/08,Chrome
5.237.145.226,1397/11/08,Chrome
5.74.255.118,1397/11/08,Safari
104.194.25.76,1397/11/08,Chrome
5.119.165.188,1397/11/08,Safari
5.119.165.188,1397/11/08,Safari
192.15.81.157,1397/11/08,Chrome
192.15.81.157,1397/11/08,Chrome
::1,1397/11/08,Chrome
::1,1397/11/08,Chrome
::1,1397/11/08,Chrome
5.114.16.8,1397/11/08,Chrome
::1,1397/11/08,Chrome
::1,1397/11/08,Chrome
::1,1397/11/08,Chrome
::1,1397/11/08,Chrome
::1,1397/11/08,Chrome
::1,1397/11/08,Chrome
::1,1397/11/08,Chrome
::1,1397/11/08,Chrome
::1,1397/11/08,Chrome
::1,1397/11/08,Chrome
::1,1397/11/08,Chrome
5.123.188.10,1397/11/08,Chrome
66.249.93.212,1397/11/08,Chrome
::1,1397/11/08,Chrome
::1,1397/11/08,Chrome
::1,1397/11/08,Chrome
::1,1397/11/08,Chrome
::1,1397/11/08,Chrome
159.89.23.255,1397/11/08,Chrome
::1,1397/11/08,Chrome
::1,1397/11/08,Chrome
::1,1397/11/08,Chrome
::1,1397/11/08,Chrome
5.122.92.171,1397/11/08,Chrome
::1,1397/11/08,Chrome
5.124.251.173,1397/11/08,Chrome
::1,1397/11/08,Chrome
5.122.92.171,1397/11/08,Chrome
::1,1397/11/08,Chrome
5.122.92.171,1397/11/08,Chrome
::1,1397/11/08,Chrome
::1,1397/11/08,Chrome
::1,1397/11/08,Chrome
::1,1397/11/08,Chrome
::1,1397/11/08,Chrome
5.115.227.52,1397/11/08,Chrome
5.115.227.52,1397/11/08,Chrome
5.115.227.52,1397/11/08,Chrome
::1,1397/11/08,Chrome
::1,1397/11/08,Chrome
::1,1397/11/08,Chrome
::1,1397/11/08,Chrome
::1,1397/11/08,Chrome
::1,1397/11/08,Chrome
::1,1397/11/08,Chrome
::1,1397/11/08,Chrome
::1,1397/11/08,Chrome
::1,1397/11/08,Chrome
5.116.65.188,1397/11/08,Chrome
83.122.34.243,1397/11/08,Chrome
83.122.34.243,1397/11/08,Chrome
83.122.34.243,1397/11/08,Chrome
::1,1397/11/08,Chrome
::1,1397/11/08,Chrome
::1,1397/11/08,Chrome
::1,1397/11/08,Chrome
::1,1397/11/08,Chrome
::1,1397/11/08,Chrome
::1,1397/11/08,Chrome
::1,1397/11/08,Chrome
::1,1397/11/08,Chrome
::1,1397/11/08,Chrome
::1,1397/11/08,Chrome
::1,1397/11/08,Chrome
46.209.109.50,1397/11/08,Firefox
::1,1397/11/08,Chrome
::1,1397/11/08,Chrome
46.209.109.50,1397/11/08,Firefox
::1,1397/11/08,Chrome
54.36.111.85,1397/11/08,Chrome
5.233.150.231,1397/11/08,Chrome
5.233.150.231,1397/11/08,Chrome
5.233.150.231,1397/11/08,Chrome
::1,1397/11/08,Chrome
::1,1397/11/08,Chrome
::1,1397/11/08,Chrome
::1,1397/11/08,Chrome
94.101.187.162,1397/11/08,Chrome
::1,1397/11/08,Chrome
::1,1397/11/08,Chrome
::1,1397/11/08,Chrome
::1,1397/11/08,Chrome
::1,1397/11/08,Chrome
::1,1397/11/08,Chrome
::1,1397/11/08,Chrome
::1,1397/11/08,Chrome
::1,1397/11/08,Chrome
::1,1397/11/08,Chrome
::1,1397/11/08,Chrome
::1,1397/11/08,Chrome
5.202.219.250,1397/11/08,Firefox
::1,1397/11/08,Chrome
::1,1397/11/08,Chrome
::1,1397/11/08,Chrome
::1,1397/11/08,Chrome
91.243.166.51,1397/11/08,Chrome
91.243.166.51,1397/11/08,Chrome
91.243.166.51,1397/11/08,Chrome
5.202.219.250,1397/11/08,Firefox
::1,1397/11/08,Chrome
::1,1397/11/08,Chrome
::1,1397/11/08,Chrome
::1,1397/11/08,Chrome
::1,1397/11/08,Chrome
::1,1397/11/08,Chrome
::1,1397/11/08,Chrome
::1,1397/11/08,Chrome
::1,1397/11/08,Chrome
::1,1397/11/08,Chrome
2.184.194.148,1397/11/08,Chrome
::1,1397/11/08,Chrome
::1,1397/11/08,Chrome
::1,1397/11/08,Chrome
::1,1397/11/08,Chrome
::1,1397/11/08,Chrome
::1,1397/11/08,Chrome
::1,1397/11/08,Chrome
::1,1397/11/08,Chrome
::1,1397/11/08,Chrome
37.27.115.243,1397/11/08,Chrome
::1,1397/11/08,Chrome
::1,1397/11/08,Chrome
5.212.224.120,1397/11/08,Chrome
5.200.72.182,1397/11/08,Firefox
::1,1397/11/08,Chrome
::1,1397/11/08,Chrome
::1,1397/11/08,Chrome
::1,1397/11/08,Chrome
::1,1397/11/08,Chrome
::1,1397/11/08,Chrome
::1,1397/11/08,Chrome
::1,1397/11/08,Chrome
::1,1397/11/08,Chrome
::1,1397/11/08,Chrome
::1,1397/11/08,Chrome
104.194.24.220,1397/11/08,Chrome
104.194.24.220,1397/11/08,Chrome
2.179.57.154,1397/11/08,Chrome
37.98.52.149,1397/11/08,Chrome
89.47.137.78,1397/11/08,Chrome
::1,1397/11/08,Chrome
::1,1397/11/08,Chrome
::1,1397/11/08,Chrome
::1,1397/11/08,Chrome
::1,1397/11/08,Chrome
::1,1397/11/08,Chrome
::1,1397/11/08,Chrome
::1,1397/11/08,Chrome
89.34.50.122,1397/11/08,Chrome
94.101.187.162,1397/11/08,Chrome
94.101.187.162,1397/11/08,Chrome
94.101.187.162,1397/11/08,Chrome
94.101.187.162,1397/11/08,Chrome
81.28.36.22,1397/11/08,Firefox
89.199.102.74,1397/11/08,Safari
89.199.102.74,1397/11/08,Safari
89.198.195.233,1397/11/08,Chrome
89.198.195.233,1397/11/08,Chrome
89.198.195.233,1397/11/08,Chrome
151.242.98.91,1397/11/08,Chrome
5.238.203.4,1397/11/08,Firefox
5.238.203.4,1397/11/08,Firefox
5.238.203.4,1397/11/08,Firefox
5.238.203.4,1397/11/08,Firefox
204.18.146.7,1397/11/08,Mozilla
185.131.165.75,1397/11/08,Chrome
185.131.165.75,1397/11/08,Chrome
185.131.165.75,1397/11/08,Chrome
185.131.165.75,1397/11/08,Chrome
185.131.165.75,1397/11/08,Chrome
185.131.165.75,1397/11/08,Chrome
185.131.165.75,1397/11/08,Chrome
185.131.165.75,1397/11/08,Chrome
151.240.158.46,1397/11/08,Safari
151.240.158.46,1397/11/08,Safari
151.240.158.46,1397/11/08,Safari
151.240.158.46,1397/11/08,Safari
5.120.19.230,1397/11/08,Safari
5.120.19.230,1397/11/08,Safari
5.120.19.230,1397/11/08,Safari
5.208.72.9,1397/11/08,Chrome
159.65.187.175,1397/11/08,Safari
5.232.158.106,1397/11/08,Chrome
89.165.90.145,1397/11/08,Chrome
142.93.187.245,1397/11/08,Safari
142.93.187.245,1397/11/08,Safari
104.194.24.117,1397/11/08,Chrome
5.238.178.105,1397/11/08,Chrome
5.238.178.105,1397/11/08,Chrome
5.238.178.105,1397/11/08,Chrome
192.119.160.84,1397/11/08,Chrome
151.235.8.150,1397/11/08,Safari
86.107.83.105,1397/11/08,Safari
37.156.141.178,1397/11/08,Chrome
37.156.141.178,1397/11/08,Chrome
37.156.141.178,1397/11/08,Chrome
37.156.141.178,1397/11/08,Chrome
37.156.141.178,1397/11/08,Chrome
37.156.141.178,1397/11/08,Chrome
89.37.171.80,1397/11/08,Chrome
5.200.107.144,1397/11/08,Chrome
151.238.179.182,1397/11/08,Chrome
86.107.83.105,1397/11/08,Safari
37.156.155.33,1397/11/08,Chrome
